"State","County","Year","Days with AQI","Good Days","Moderate Days","Unhealthy for Sensitive Groups Days","Unhealthy Days","Very Unhealthy Days","Hazardous Days","Max AQI","90th Percentile AQI","Median AQI","Days CO","Days NO2","Days Ozone","Days PM2.5","Days PM10"
"Alabama","Baldwin",2010,274,161,107,6,0,0,0,150,71,47,0,0,172,102,0
"Alabama","Clay",2010,113,46,67,0,0,0,0,87,64,53,0,0,0,113,0
"Alabama","Colbert",2010,355,124,230,1,0,0,0,105,70,54,0,0,87,268,0
"Alabama","DeKalb",2010,358,227,127,4,0,0,0,101,74,44,0,0,288,70,0
"Alabama","Elmore",2010,241,181,55,5,0,0,0,112,71,43,0,0,241,0,0
"Alabama","Etowah",2010,363,69,293,1,0,0,0,104,77,59,0,0,44,319,0
"Alabama","Houston",2010,357,125,228,4,0,0,0,115,71,55,0,0,73,284,0
"Alabama","Jefferson",2010,365,55,280,26,4,0,0,166,97,63,0,0,95,249,21
"Alabama","Lawrence",2010,112,65,47,0,0,0,0,64,59,45,0,0,0,112,0
"Alabama","Madison",2010,335,205,126,4,0,0,0,136,74,47,0,0,188,97,50
"Alabama","Mobile",2010,363,245,110,8,0,0,0,140,74,42,0,0,188,90,85
"Alabama","Montgomery",2010,364,106,252,6,0,0,0,129,73,56,0,0,68,295,1
"Alabama","Morgan",2010,361,109,249,3,0,0,0,108,74,56,0,0,111,250,0
"Alabama","Russell",2010,287,146,139,2,0,0,0,108,74,50,0,0,179,108,0
"Alabama","Shelby",2010,278,152,119,5,2,0,0,156,80,48,0,0,198,80,0
"Alabama","Sumter",2010,242,206,35,1,0,0,0,119,64,39,0,0,242,0,0
"Alabama","Talladega",2010,117,37,80,0,0,0,0,79,66,55,0,0,0,117,0
"Alabama","Tuscaloosa",2010,365,47,318,0,0,0,0,90,75,60,0,0,3,362,0
"Alabama","Walker",2010,113,35,78,0,0,0,0,77,66,54,0,0,0,113,0
"Alaska","Aleutians East ",2010,102,102,0,0,0,0,0,45,22,11,0,0,0,102,0
"Alaska","Anchorage ",2010,365,270,93,2,0,0,0,127,64,36,10,0,90,214,51
"Alaska","Denali ",2010,363,363,0,0,0,0,0,49,44,33,0,0,362,1,0
"Alaska","Fairbanks North Star ",2010,355,180,140,27,8,0,0,180,99,48,2,0,0,353,0
"Alaska","Juneau ",2010,359,231,127,1,0,0,0,112,70,35,0,0,0,359,0
"Alaska","Kenai Peninsula ",2010,121,121,0,0,0,0,0,23,13,7,0,0,0,121,0
"Alaska","Matanuska-Susitna ",2010,317,277,37,3,0,0,0,118,54,17,0,0,0,310,7
"Alaska","Yukon-Koyukuk ",2010,115,112,3,0,0,0,0,82,25,6,0,0,0,115,0
"Arizona","Apache",2010,360,360,0,0,0,0,0,49,26,14,0,0,0,65,295
"Arizona","Cochise",2010,363,244,115,4,0,0,0,112,67,45,0,0,324,37,2
"Arizona","Coconino",2010,363,230,129,4,0,0,0,136,74,47,0,0,337,12,14
"Arizona","Gila",2010,362,237,122,3,0,0,0,136,77,44,0,0,190,7,165
"Arizona","La Paz",2010,213,121,88,4,0,0,0,105,80,48,0,0,213,0,0
"Arizona","Maricopa",2010,365,86,250,27,2,0,0,170,100,64,0,58,207,69,31
"Arizona","Mohave",2010,118,117,1,0,0,0,0,51,28,16,0,0,0,79,39
"Arizona","Navajo",2010,364,279,83,2,0,0,0,112,61,44,0,0,359,2,3
"Arizona","Pima",2010,365,204,156,5,0,0,0,141,80,49,0,5,294,9,57
"Arizona","Pinal",2010,365,88,236,39,0,0,2,1786,101,69,0,0,136,8,221
"Arizona","Santa Cruz",2010,165,91,68,6,0,0,0,119,84,47,0,0,0,55,110
"Arizona","Yavapai",2010,263,219,43,1,0,0,0,122,61,42,0,0,207,56,0
"Arizona","Yuma",2010,358,259,91,8,0,0,0,147,80,41,0,0,182,26,150
"Arkansas","Arkansas",2010,118,42,76,0,0,0,0,85,68,55,0,0,0,118,0
"Arkansas","Ashley",2010,120,44,76,0,0,0,0,75,66,54,0,0,0,120,0
"Arkansas","Clark",2010,359,310,45,4,0,0,0,126,58,35,0,0,359,0,0
"Arkansas","Crittenden",2010,365,219,130,14,2,0,0,164,80,44,0,43,240,82,0
"Arkansas","Faulkner",2010,120,41,79,0,0,0,0,80,65,54,0,0,0,120,0
"Arkansas","Garland",2010,121,44,77,0,0,0,0,76,66,54,0,0,0,121,0
"Arkansas","Jackson",2010,120,47,73,0,0,0,0,91,67,54,0,0,0,120,0
"Arkansas","Newton",2010,365,278,85,2,0,0,0,105,64,40,0,0,324,41,0
"Arkansas","Phillips",2010,120,39,81,0,0,0,0,78,66,55,0,0,0,120,0
"Arkansas","Polk",2010,362,225,128,9,0,0,0,136,74,45,0,0,287,75,0
"Arkansas","Pope",2010,119,39,80,0,0,0,0,94,65,54,0,0,0,119,0
"Arkansas","Pulaski",2010,365,74,283,8,0,0,0,133,80,59,0,2,97,266,0
"Arkansas","Sebastian",2010,110,35,75,0,0,0,0,86,68,55,0,0,0,110,0
"Arkansas","Union",2010,120,38,82,0,0,0,0,96,66,55,0,0,0,120,0
"Arkansas","Van Buren",2010,174,163,11,0,0,0,0,93,45,31,0,0,174,0,0
"Arkansas","Washington",2010,365,255,109,1,0,0,0,112,67,42,0,0,278,87,0
"Arkansas","White",2010,117,37,80,0,0,0,0,90,66,56,0,0,0,117,0
"California","Alameda",2010,365,161,199,4,1,0,0,179,72,52,0,8,86,271,0
"California","Amador",2010,361,302,48,10,1,0,0,151,64,35,0,0,361,0,0
"California","Butte",2010,365,167,185,13,0,0,0,126,84,53,0,0,216,149,0
"California","Calaveras",2010,365,249,103,12,1,0,0,154,84,44,0,0,290,75,0
"California","Colusa",2010,353,307,45,1,0,0,0,119,54,39,0,0,287,61,5
"California","Contra Costa",2010,365,288,68,8,1,0,0,154,67,40,0,8,262,93,2
"California","Del Norte",2010,110,109,1,0,0,0,0,57,30,14,0,0,0,77,33
"California","El Dorado",2010,365,250,90,23,2,0,0,192,93,42,0,0,364,1,0
"California","Fresno",2010,365,48,230,65,21,1,0,209,130,71,0,0,167,198,0
"California","Glenn",2010,365,229,136,0,0,0,0,92,62,44,0,0,178,187,0
"California","Humboldt",2010,365,348,17,0,0,0,0,75,41,30,5,6,303,50,1
"California","Imperial",2010,365,151,163,51,0,0,0,140,108,57,1,52,258,53,1
"California","Inyo",2010,365,236,98,13,1,6,11,4909,93,44,0,0,223,80,62
"California","Kern",2010,365,43,197,85,38,2,0,202,151,81,0,0,177,185,3
"California","Kings",2010,365,30,252,65,15,3,0,208,129,72,0,0,125,239,1
"California","Lake",2010,361,356,5,0,0,0,0,74,44,35,0,0,357,4,0
"California","Los Angeles",2010,365,14,237,99,15,0,0,200,138,78,0,25,148,191,1
"California","Madera",2010,364,208,128,18,9,1,0,201,90,47,0,21,262,79,2
"California","Marin",2010,365,191,170,4,0,0,0,128,63,49,0,13,52,300,0
"California","Mariposa",2010,365,152,187,23,3,0,0,187,93,52,0,0,245,119,1
"California","Mendocino",2010,361,250,111,0,0,0,0,75,58,42,0,0,30,305,26
"California","Merced",2010,365,106,220,33,6,0,0,177,101,59,0,3,161,198,3
"California","Mono",2010,365,308,35,4,5,1,12,4658,61,18,0,0,0,26,339
"California","Monterey",2010,365,292,73,0,0,0,0,100,55,40,0,3,187,174,1
"California","Napa",2010,365,215,148,1,1,0,0,159,64,46,0,2,119,244,0
"California","Nevada",2010,365,242,101,21,1,0,0,154,90,44,0,1,342,22,0
"California","Orange",2010,365,65,292,7,1,0,0,177,82,61,0,11,59,295,0
"California","Placer",2010,365,127,208,26,4,0,0,200,97,55,0,2,175,188,0
"California","Plumas",2010,124,70,51,3,0,0,0,110,78,44,0,0,0,124,0
"California","Riverside",2010,365,11,208,95,48,3,0,217,156,87,0,2,176,159,28
"California","Sacramento",2010,365,161,176,20,7,1,0,207,97,53,0,9,193,162,1
"California","San Benito",2010,365,288,70,7,0,0,0,126,60,41,0,0,296,69,0
"California","San Bernardino",2010,365,12,218,80,48,7,0,219,164,84,0,6,201,158,0
"California","San Diego",2010,365,35,305,21,4,0,0,192,93,64,0,29,125,209,2
"California","San Francisco",2010,365,171,191,3,0,0,0,125,70,51,0,29,52,283,1
"California","San Joaquin",2010,365,168,184,12,1,0,0,174,83,52,0,16,155,194,0
"California","San Luis Obispo",2010,365,124,207,33,1,0,0,161,97,55,0,0,205,137,23
"California","San Mateo",2010,362,250,110,2,0,0,0,122,61,42,2,10,115,235,0
"California","Santa Barbara",2010,365,219,139,7,0,0,0,143,67,47,0,1,235,128,1
"California","Santa Clara",2010,365,181,172,10,2,0,0,164,69,51,0,8,95,262,0
"California","Santa Cruz",2010,365,311,54,0,0,0,0,95,53,37,0,0,161,204,0
"California","Shasta",2010,365,269,81,15,0,0,0,119,84,43,0,0,347,18,0
"California","Siskiyou",2010,361,350,11,0,0,0,0,90,45,33,0,0,344,16,1
"California","Solano",2010,365,242,119,4,0,0,0,136,68,42,0,12,178,175,0
"California","Sonoma",2010,365,268,97,0,0,0,0,93,59,36,0,4,126,234,1
"California","Stanislaus",2010,365,125,202,32,6,0,0,177,102,58,0,0,178,187,0
"California","Sutter",2010,365,163,198,3,1,0,0,177,71,52,0,4,110,251,0
"California","Tehama",2010,365,128,219,18,0,0,0,136,90,55,0,0,174,191,0
"California","Trinity",2010,122,122,0,0,0,0,0,46,26,11,0,0,0,86,36
"California","Tulare",2010,365,65,188,78,34,0,0,197,150,72,0,1,193,171,0
"California","Tuolumne",2010,365,274,83,8,0,0,0,147,80,41,0,0,365,0,0
"California","Ventura",2010,365,202,145,14,4,0,0,161,87,48,0,10,298,57,0
"California","Yolo",2010,362,273,86,3,0,0,0,109,61,41,0,8,228,124,2
"Colorado","Adams",2010,363,259,104,0,0,0,0,93,61,44,0,67,138,79,79
"Colorado","Alamosa",2010,355,337,14,2,2,0,0,166,41,20,0,0,0,24,331
"Colorado","Arapahoe",2010,365,216,142,7,0,0,0,122,80,48,0,0,348,17,0
"Colorado","Archuleta",2010,310,298,7,4,1,0,0,198,33,17,0,0,0,0,310
"Colorado","Boulder",2010,365,226,127,12,0,0,0,143,77,46,5,0,319,41,0
"Colorado","Chaffee",2010,128,70,55,3,0,0,0,101,77,50,0,0,128,0,0
"Colorado","Clear Creek",2010,105,4,78,21,2,0,0,161,115,74,0,0,105,0,0
"Colorado","Delta",2010,115,111,4,0,0,0,0,86,32,19,0,0,0,0,115
"Colorado","Denver",2010,365,175,187,3,0,0,0,108,74,51,0,106,135,122,2
"Colorado","Douglas",2010,354,229,112,13,0,0,0,136,80,46,0,0,333,21,0
"Colorado","El Paso",2010,365,254,107,3,1,0,0,151,74,46,0,0,342,23,0
"Colorado","Elbert",2010,59,57,2,0,0,0,0,59,39,23,0,0,0,59,0
"Colorado","Fremont",2010,54,54,0,0,0,0,0,29,22,14,0,0,0,0,54
"Colorado","Garfield",2010,365,167,188,10,0,0,0,150,84,51,0,0,364,0,1
"Colorado","Gunnison",2010,365,308,55,2,0,0,0,129,57,42,0,0,299,0,66
"Colorado","Jackson",2010,111,111,0,0,0,0,0,47,16,9,0,0,0,111,0
"Colorado","Jefferson",2010,365,233,106,26,0,0,0,143,93,46,0,0,365,0,0
"Colorado","La Plata",2010,365,220,135,9,1,0,0,183,80,48,0,8,349,4,4
"Colorado","Larimer",2010,365,166,178,21,0,0,0,140,90,53,0,0,348,17,0
"Colorado","Mesa",2010,365,217,142,6,0,0,0,120,74,48,2,0,301,40,22
"Colorado","Montezuma",2010,365,265,99,1,0,0,0,122,64,46,0,0,349,16,0
"Colorado","Park",2010,191,93,93,5,0,0,0,133,84,51,0,0,191,0,0
"Colorado","Pitkin",2010,362,214,142,5,1,0,0,164,77,49,0,0,359,1,2
"Colorado","Prowers",2010,365,341,24,0,0,0,0,91,44,24,0,0,0,0,365
"Colorado","Pueblo",2010,142,128,14,0,0,0,0,70,48,31,0,0,0,118,24
"Colorado","Rio Blanco",2010,351,241,108,2,0,0,0,108,61,47,0,2,278,71,0
"Colorado","Routt",2010,351,331,20,0,0,0,0,73,37,16,0,0,0,0,351
"Colorado","San Juan",2010,119,116,3,0,0,0,0,86,22,11,0,0,0,119,0
"Colorado","San Miguel",2010,147,129,17,0,1,0,0,200,54,19,0,0,47,0,100
"Colorado","Summit",2010,312,311,1,0,0,0,0,63,25,12,0,0,0,0,312
"Colorado","Teller",2010,130,63,65,2,0,0,0,105,84,51,0,0,130,0,0
"Colorado","Weld",2010,365,212,146,7,0,0,0,126,77,47,18,0,292,54,1
"Connecticut","Fairfield",2010,365,204,132,25,4,0,0,179,93,47,1,35,144,185,0
"Connecticut","Hartford",2010,365,248,111,5,1,0,0,159,69,40,8,35,101,221,0
"Connecticut","Litchfield",2010,365,297,63,4,1,0,0,154,61,38,4,6,322,33,0
"Connecticut","Middlesex",2010,179,124,46,8,1,0,0,151,84,44,0,0,179,0,0
"Connecticut","New Haven",2010,364,204,143,17,0,0,0,140,78,46,0,33,150,181,0
"Connecticut","New London",2010,364,245,111,8,0,0,0,126,68,41,0,0,118,246,0
"Connecticut","Tolland",2010,181,129,37,13,2,0,0,190,84,43,0,0,181,0,0
"Connecticut","Windham",2010,326,282,39,5,0,0,0,122,61,36,0,0,326,0,0
"Country Of Mexico","BAJA CALIFORNIA NORTE",2010,365,137,189,28,10,0,1,785,101,58,10,113,188,0,54
"Country Of Mexico","CHIHUAHUA STATE",2010,365,263,88,12,1,0,1,556,78,43,44,0,276,0,45
"Country Of Mexico","SONORA",2010,62,10,50,2,0,0,0,128,93,63,0,0,0,0,62
"Delaware","Kent",2010,307,193,102,9,3,0,0,166,84,44,0,0,227,80,0
"Delaware","New Castle",2010,365,131,201,28,5,0,0,158,97,55,0,5,151,209,0
"Delaware","Sussex",2010,304,170,113,17,4,0,0,182,93,48,0,0,248,56,0
"District Of Columbia","District of Columbia",2010,365,137,193,28,7,0,0,187,100,55,0,23,148,192,2
"Florida","Alachua",2010,365,215,149,1,0,0,0,101,62,46,0,0,122,243,0
"Florida","Baker",2010,363,336,27,0,0,0,0,97,49,36,0,0,363,0,0
"Florida","Bay",2010,365,167,192,6,0,0,0,140,71,52,0,0,122,243,0
"Florida","Brevard",2010,365,199,166,0,0,0,0,87,61,48,0,0,126,239,0
"Florida","Broward",2010,365,194,170,1,0,0,0,105,61,49,0,7,52,306,0
"Florida","Citrus",2010,122,81,41,0,0,0,0,69,58,42,0,0,0,122,0
"Florida","Collier",2010,362,218,144,0,0,0,0,93,59,46,0,0,83,279,0
"Florida","Columbia",2010,361,147,213,1,0,0,0,101,66,52,0,0,63,298,0
"Florida","Duval",2010,365,172,188,5,0,0,0,147,69,52,0,0,146,217,2
"Florida","Escambia",2010,365,144,213,6,2,0,0,156,74,53,0,0,134,231,0
"Florida","Hamilton",2010,351,161,190,0,0,0,0,77,62,51,0,0,0,351,0
"Florida","Highlands",2010,348,312,36,0,0,0,0,97,51,36,0,0,348,0,0
"Florida","Hillsborough",2010,365,108,247,9,1,0,0,154,77,55,0,0,102,263,0
"Florida","Holmes",2010,365,138,227,0,0,0,0,93,65,53,0,0,58,307,0
"Florida","Indian River",2010,339,288,51,0,0,0,0,90,58,39,0,0,339,0,0
"Florida","Lake",2010,365,199,165,1,0,0,0,136,63,49,0,0,110,255,0
"Florida","Lee",2010,365,220,144,1,0,0,0,101,63,46,0,0,151,210,4
"Florida","Leon",2010,365,113,251,0,1,0,0,160,67,54,0,0,40,325,0
"Florida","Liberty",2010,324,293,31,0,0,0,0,93,50,36,0,0,324,0,0
"Florida","Manatee",2010,365,309,53,3,0,0,0,101,64,37,0,0,365,0,0
"Florida","Marion",2010,365,195,168,2,0,0,0,112,63,49,0,0,109,256,0
"Florida","Martin",2010,204,123,81,0,0,0,0,77,59,46,0,0,45,159,0
"Florida","Miami-Dade",2010,365,126,235,4,0,0,0,150,64,53,0,0,53,312,0
"Florida","Okaloosa",2010,365,310,52,3,0,0,0,147,58,37,0,0,365,0,0
"Florida","Orange",2010,365,172,188,5,0,0,0,133,64,51,0,0,112,253,0
"Florida","Osceola",2010,365,327,36,2,0,0,0,133,51,36,0,0,365,0,0
"Florida","Palm Beach",2010,365,197,166,2,0,0,0,119,62,49,0,0,98,267,0
"Florida","Pasco",2010,365,304,61,0,0,0,0,97,58,39,0,0,365,0,0
"Florida","Pinellas",2010,365,152,213,0,0,0,0,100,66,52,0,0,87,278,0
"Florida","Polk",2010,365,180,183,2,0,0,0,122,64,51,0,0,110,254,1
"Florida","Putnam",2010,359,357,2,0,0,0,0,57,27,15,0,0,0,0,359
"Florida","Santa Rosa",2010,365,168,191,4,2,0,0,156,69,52,0,0,153,212,0
"Florida","Sarasota",2010,365,66,294,5,0,0,0,133,71,56,0,0,63,302,0
"Florida","Seminole",2010,364,290,71,3,0,0,0,105,57,39,0,0,307,52,5
"Florida","St. Lucie",2010,223,134,89,0,0,0,0,93,58,47,0,0,43,180,0
"Florida","Volusia",2010,365,216,148,1,0,0,0,101,61,46,0,0,133,232,0
"Florida","Wakulla",2010,355,295,58,2,0,0,0,126,56,38,0,0,291,64,0
"Georgia","Bibb",2010,364,84,276,4,0,0,0,133,77,58,0,0,45,319,0
"Georgia","Charlton",2010,119,88,31,0,0,0,0,71,57,39,0,0,0,119,0
"Georgia","Chatham",2010,364,154,210,0,0,0,0,100,67,52,0,0,48,316,0
"Georgia","Chattooga",2010,264,203,61,0,0,0,0,97,71,41,0,0,242,0,22
"Georgia","Clarke",2010,365,153,207,5,0,0,0,147,77,54,0,0,106,259,0
"Georgia","Clayton",2010,112,28,84,0,0,0,0,88,72,58,0,0,0,112,0
"Georgia","Cobb",2010,347,107,223,16,1,0,0,156,84,56,0,0,85,262,0
"Georgia","Coffee",2010,59,32,27,0,0,0,0,85,67,48,0,0,0,59,0
"Georgia","Columbia",2010,243,181,61,1,0,0,0,108,71,44,0,0,243,0,0
"Georgia","Coweta",2010,365,156,209,0,0,0,0,100,72,53,0,0,74,291,0
"Georgia","Dawson",2010,244,187,49,7,1,0,0,151,74,43,0,0,244,0,0
"Georgia","DeKalb",2010,365,66,288,9,2,0,0,182,80,61,0,6,49,310,0
"Georgia","Dougherty",2010,357,113,241,2,1,0,0,158,73,56,0,0,0,354,3
"Georgia","Douglas",2010,244,159,76,9,0,0,0,133,87,45,0,0,244,0,0
"Georgia","Floyd",2010,363,54,307,0,2,0,0,156,77,61,0,0,0,363,0
"Georgia","Fulton",2010,365,87,261,15,2,0,0,161,87,58,2,0,76,285,2
"Georgia","Glynn",2010,280,216,64,0,0,0,0,93,61,42,0,0,209,63,8
"Georgia","Gwinnett",2010,365,145,215,5,0,0,0,119,74,54,0,0,85,280,0
"Georgia","Hall",2010,354,94,260,0,0,0,0,99,78,60,0,0,0,354,0
"Georgia","Henry",2010,365,157,203,3,2,0,0,159,74,53,0,0,80,285,0
"Georgia","Houston",2010,331,79,252,0,0,0,0,99,73,57,0,0,0,331,0
"Georgia","Lowndes",2010,332,46,280,4,2,0,0,161,72,59,0,0,0,332,0
"Georgia","Murray",2010,278,181,88,9,0,0,0,150,77,45,0,0,209,69,0
"Georgia","Muscogee",2010,365,130,232,1,1,1,0,270,76,55,0,0,69,296,0
"Georgia","Paulding",2010,365,165,193,7,0,0,0,150,77,52,2,1,115,247,0
"Georgia","Pike",2010,325,239,81,4,1,0,0,166,77,41,0,0,325,0,0
"Georgia","Richmond",2010,364,138,221,5,0,0,0,136,75,54,0,0,81,283,0
"Georgia","Rockdale",2010,363,285,68,10,0,0,0,150,67,36,0,121,242,0,0
"Georgia","Sumter",2010,234,189,43,2,0,0,0,108,64,42,0,0,234,0,0
"Georgia","Walker",2010,351,97,254,0,0,0,0,96,73,57,0,0,0,351,0
"Georgia","Washington",2010,112,49,63,0,0,0,0,91,65,52,0,0,0,102,10
"Georgia","Wilkinson",2010,106,21,84,0,1,0,0,188,72,57,0,0,0,106,0
"Hawaii","Hawaii",2010,365,11,339,13,2,0,0,156,88,69,0,0,0,365,0
"Hawaii","Honolulu",2010,365,190,174,0,1,0,0,155,59,49,0,1,45,312,7
"Hawaii","Maui",2010,343,322,21,0,0,0,0,78,46,24,0,0,0,343,0
"Idaho","Ada",2010,365,102,259,4,0,0,0,136,72,55,0,14,86,263,2
"Idaho","Bannock",2010,365,335,30,0,0,0,0,83,47,23,0,0,0,196,169
"Idaho","Benewah",2010,363,214,147,2,0,0,0,131,66,43,0,0,0,363,0
"Idaho","Bonner",2010,321,319,1,1,0,0,0,106,19,9,0,0,0,0,321
"Idaho","Butte",2010,331,286,45,0,0,0,0,77,54,43,0,0,315,16,0
"Idaho","Canyon",2010,360,262,97,1,0,0,0,127,61,30,0,0,0,189,171
"Idaho","Cassia",2010,166,133,33,0,0,0,0,84,58,45,0,0,166,0,0
"Idaho","Custer",2010,110,110,0,0,0,0,0,47,23,10,0,0,0,110,0
"Idaho","Franklin",2010,33,9,21,2,1,0,0,161,99,58,0,0,0,33,0
"Idaho","Idaho",2010,343,329,14,0,0,0,0,60,32,13,0,0,0,343,0
"Idaho","Kootenai",2010,180,175,5,0,0,0,0,84,46,37,0,2,178,0,0
"Idaho","Latah",2010,277,261,16,0,0,0,0,70,39,13,0,0,0,277,0
"Idaho","Lemhi",2010,343,199,130,13,1,0,0,154,83,43,0,0,0,343,0
"Idaho","Nez Perce",2010,357,322,35,0,0,0,0,72,50,22,0,0,0,357,0
"Idaho","Power",2010,4,4,0,0,0,0,0,24,24,20,0,0,0,0,4
"Idaho","Shoshone",2010,365,162,180,22,1,0,0,156,94,54,0,0,0,361,4
"Idaho","Twin Falls",2010,351,309,41,1,0,0,0,131,51,32,0,0,0,351,0
"Illinois","Adams",2010,353,300,52,1,0,0,0,122,58,37,0,0,308,45,0
"Illinois","Champaign",2010,352,280,72,0,0,0,0,88,57,35,0,0,261,91,0
"Illinois","Clark",2010,210,176,34,0,0,0,0,90,64,40,0,0,210,0,0
"Illinois","Cook",2010,365,43,298,24,0,0,0,140,90,62,0,18,61,285,1
"Illinois","DuPage",2010,365,132,230,3,0,0,0,110,75,54,0,0,50,315,0
"Illinois","Effingham",2010,195,157,32,6,0,0,0,105,74,44,0,0,195,0,0
"Illinois","Hamilton",2010,249,152,86,11,0,0,0,119,87,47,0,0,211,38,0
"Illinois","Jackson",2010,44,44,0,0,0,0,0,46,30,20,0,0,0,0,44
"Illinois","Jersey",2010,262,197,61,4,0,0,0,108,67,38,0,0,219,43,0
"Illinois","Jo Daviess",2010,357,327,28,2,0,0,0,105,49,37,0,0,357,0,0
"Illinois","Kane",2010,365,305,57,3,0,0,0,122,61,37,0,0,323,42,0
"Illinois","La Salle",2010,365,232,133,0,0,0,0,94,63,42,0,0,0,283,82
"Illinois","Lake",2010,365,287,67,10,1,0,0,156,71,38,0,0,329,36,0
"Illinois","Macon",2010,365,167,198,0,0,0,0,99,74,52,0,0,168,197,0
"Illinois","Macoupin",2010,360,321,35,4,0,0,0,119,51,37,0,0,358,0,2
"Illinois","Madison",2010,365,41,298,24,2,0,0,151,92,64,0,0,70,294,1
"Illinois","McHenry",2010,362,225,136,1,0,0,0,115,68,44,0,0,172,190,0
"Illinois","McLean",2010,365,271,92,2,0,0,0,112,64,41,0,0,292,73,0
"Illinois","Peoria",2010,365,114,248,3,0,0,0,105,75,56,0,0,84,281,0
"Illinois","Randolph",2010,353,305,48,0,0,0,0,97,55,36,0,0,312,41,0
"Illinois","Rock Island",2010,363,332,31,0,0,0,0,80,48,33,0,0,328,35,0
"Illinois","Saint Clair",2010,365,177,181,7,0,0,0,150,79,52,0,59,135,171,0
"Illinois","Sangamon",2010,365,272,92,1,0,0,0,105,65,40,41,0,237,87,0
"Illinois","Will",2010,351,292,57,2,0,0,0,115,61,38,0,0,303,47,1
"Illinois","Winnebago",2010,365,299,64,2,0,0,0,117,58,37,4,0,292,69,0
"Indiana","Allen",2010,365,78,279,8,0,0,0,121,84,61,10,0,23,332,0
"Indiana","Boone",2010,183,125,51,7,0,0,0,122,90,45,0,0,183,0,0
"Indiana","Carroll",2010,182,139,39,4,0,0,0,119,74,45,0,0,182,0,0
"Indiana","Clark",2010,354,73,265,16,0,0,0,147,84,61,0,0,86,268,0
"Indiana","Delaware",2010,234,135,97,2,0,0,0,108,74,48,0,0,145,89,0
"Indiana","Dubois",2010,119,30,89,0,0,0,0,92,78,58,0,0,0,119,0
"Indiana","Elkhart",2010,268,158,108,2,0,0,0,110,76,47,0,0,146,122,0
"Indiana","Floyd",2010,365,119,235,10,1,0,0,183,78,57,0,0,105,260,0
"Indiana","Gibson",2010,119,42,77,0,0,0,0,86,71,56,0,0,0,119,0
"Indiana","Greene",2010,166,104,56,6,0,0,0,119,84,47,0,0,166,0,0
"Indiana","Hamilton",2010,180,119,53,8,0,0,0,122,87,44,0,0,180,0,0
"Indiana","Hancock",2010,183,120,59,4,0,0,0,105,80,45,0,0,183,0,0
"Indiana","Hendricks",2010,183,146,37,0,0,0,0,100,67,41,0,0,183,0,0
"Indiana","Henry",2010,117,43,73,1,0,0,0,107,73,55,0,0,0,117,0
"Indiana","Howard",2010,112,44,67,1,0,0,0,113,81,53,0,0,0,112,0
"Indiana","Huntington",2010,182,159,23,0,0,0,0,90,54,41,0,0,182,0,0
"Indiana","Jackson",2010,172,127,43,2,0,0,0,105,74,45,0,0,172,0,0
"Indiana","Johnson",2010,183,132,49,2,0,0,0,105,74,44,0,0,183,0,0
"Indiana","Knox",2010,362,252,106,4,0,0,0,112,72,42,0,0,289,73,0
"Indiana","LaPorte",2010,242,147,92,2,1,0,0,151,77,45,0,0,160,82,0
"Indiana","Lake",2010,365,54,294,17,0,0,0,133,90,67,3,10,27,321,4
"Indiana","Madison",2010,290,136,154,0,0,0,0,100,75,53,0,0,120,170,0
"Indiana","Marion",2010,365,53,299,13,0,0,0,143,91,64,0,1,60,303,1
"Indiana","Monroe",2010,302,99,203,0,0,0,0,89,70,56,0,0,0,302,0
"Indiana","Morgan",2010,181,161,20,0,0,0,0,87,51,40,0,0,181,0,0
"Indiana","Perry",2010,183,110,67,6,0,0,0,122,93,48,0,0,183,0,0
"Indiana","Porter",2010,365,107,253,5,0,0,0,133,80,57,0,0,38,313,14
"Indiana","Posey",2010,180,133,44,3,0,0,0,105,80,43,0,0,180,0,0
"Indiana","Shelby",2010,181,130,51,0,0,0,0,93,74,44,0,0,181,0,0
"Indiana","Spencer",2010,116,31,85,0,0,0,0,88,71,57,0,0,0,116,0
"Indiana","St. Joseph",2010,355,101,244,10,0,0,0,128,82,58,0,5,24,326,0
"Indiana","Tippecanoe",2010,365,97,266,2,0,0,0,120,77,58,0,0,0,365,0
"Indiana","Vanderburgh",2010,365,76,281,8,0,0,0,122,80,61,5,9,75,276,0
"Indiana","Vigo",2010,362,108,252,2,0,0,0,115,78,57,0,0,60,302,0
"Indiana","Wabash",2010,357,316,39,2,0,0,0,105,54,38,0,0,357,0,0
"Indiana","Warrick",2010,183,110,67,6,0,0,0,122,93,48,0,0,183,0,0
"Indiana","Washington",2010,115,45,70,0,0,0,0,83,67,53,0,0,0,115,0
"Indiana","Whitley",2010,249,125,123,1,0,0,0,102,72,50,0,0,0,245,4
"Iowa","Black Hawk",2010,360,161,192,7,0,0,0,113,74,52,0,0,0,360,0
"Iowa","Bremer",2010,214,187,26,1,0,0,0,108,54,38,0,0,214,0,0
"Iowa","Cerro Gordo",2010,362,346,16,0,0,0,0,64,38,18,0,0,0,0,362
"Iowa","Clinton",2010,365,69,286,10,0,0,0,125,82,59,0,0,33,332,0
"Iowa","Delaware",2010,114,113,1,0,0,0,0,53,32,15,0,0,0,0,114
"Iowa","Harrison",2010,213,180,31,2,0,0,0,122,61,40,0,0,213,0,0
"Iowa","Johnson",2010,365,84,277,4,0,0,0,112,78,57,0,0,0,364,1
"Iowa","Lee",2010,115,51,62,2,0,0,0,115,71,53,0,0,0,115,0
"Iowa","Linn",2010,365,145,214,6,0,0,0,113,75,53,0,0,90,275,0
"Iowa","Montgomery",2010,309,164,143,2,0,0,0,112,67,49,0,0,102,205,2
"Iowa","Muscatine",2010,365,101,248,13,3,0,0,157,85,57,0,0,0,365,0
"Iowa","Palo Alto",2010,306,183,121,2,0,0,0,105,64,46,0,0,117,177,12
"Iowa","Polk",2010,365,180,182,3,0,0,0,116,72,51,0,1,60,304,0
"Iowa","Pottawattamie",2010,247,171,75,1,0,0,0,134,64,32,0,0,0,123,124
"Iowa","Scott",2010,365,76,283,6,0,0,0,117,83,60,0,0,42,255,68
"Iowa","Story",2010,214,200,14,0,0,0,0,90,49,36,0,0,214,0,0
"Iowa","Tama",2010,84,54,30,0,0,0,0,77,59,42,0,0,0,84,0
"Iowa","Van Buren",2010,267,191,74,2,0,0,0,108,67,42,0,0,188,78,1
"Iowa","Warren",2010,214,187,27,0,0,0,0,87,54,37,0,0,214,0,0
"Iowa","Woodbury",2010,123,69,53,1,0,0,0,127,70,45,0,0,0,120,3
"Kansas","Brown",2010,116,83,33,0,0,0,0,79,62,38,0,0,0,116,0
"Kansas","Chase",2010,121,93,27,1,0,0,0,138,56,31,0,0,0,121,0
"Kansas","Ford",2010,365,365,0,0,0,0,0,49,28,14,0,0,0,0,365
"Kansas","Johnson",2010,359,266,89,4,0,0,0,112,69,41,0,0,299,60,0
"Kansas","Leavenworth",2010,364,316,45,3,0,0,0,143,54,36,0,0,364,0,0
"Kansas","Linn",2010,365,283,82,0,0,0,0,97,63,40,0,3,300,62,0
"Kansas","Neosho",2010,61,61,0,0,0,0,0,47,34,19,0,0,0,0,61
"Kansas","Riley",2010,360,313,45,2,0,0,0,136,58,38,0,0,360,0,0
"Kansas","Sedgwick",2010,365,234,119,12,0,0,0,122,74,44,0,21,270,58,16
"Kansas","Shawnee",2010,365,269,94,2,0,0,0,140,64,41,0,0,243,61,61
"Kansas","Sherman",2010,50,49,1,0,0,0,0,59,42,19,0,0,0,0,50
"Kansas","Sumner",2010,365,260,98,7,0,0,0,122,68,43,0,12,302,51,0
"Kansas","Trego",2010,364,270,90,4,0,0,0,108,64,43,0,0,345,19,0
"Kansas","Wyandotte",2010,365,171,194,0,0,0,0,93,66,52,0,48,63,250,4
"Kentucky","Bell",2010,264,158,99,7,0,0,0,115,80,48,0,0,220,44,0
"Kentucky","Boone",2010,245,193,50,2,0,0,0,136,64,42,0,0,245,0,0
"Kentucky","Boyd",2010,365,173,188,4,0,0,0,119,73,52,0,7,108,250,0
"Kentucky","Bullitt",2010,284,119,157,8,0,0,0,119,77,54,0,0,195,89,0
"Kentucky","Campbell",2010,364,164,193,7,0,0,0,133,74,52,0,8,155,201,0
"Kentucky","Carter",2010,283,172,105,6,0,0,0,115,68,47,0,0,192,91,0
"Kentucky","Christian",2010,281,133,140,8,0,0,0,122,80,51,0,0,204,77,0
"Kentucky","Daviess",2010,364,115,242,7,0,0,0,133,80,57,0,9,92,263,0
"Kentucky","Edmonson",2010,364,240,118,6,0,0,0,126,71,44,4,0,297,63,0
"Kentucky","Fayette",2010,365,155,204,6,0,0,0,115,74,53,0,6,140,219,0
"Kentucky","Franklin",2010,122,44,78,0,0,0,0,83,67,55,0,0,0,122,0
"Kentucky","Greenup",2010,243,178,61,4,0,0,0,122,71,43,0,0,243,0,0
"Kentucky","Hancock",2010,241,151,82,8,0,0,0,122,84,46,0,0,241,0,0
"Kentucky","Hardin",2010,343,143,195,5,0,0,0,115,71,53,0,0,139,204,0
"Kentucky","Henderson",2010,363,170,183,10,0,0,0,122,78,52,0,0,153,210,0
"Kentucky","Jefferson",2010,365,207,132,23,3,0,0,177,93,45,6,0,285,40,34
"Kentucky","Jessamine",2010,244,166,75,3,0,0,0,108,74,46,0,0,244,0,0
"Kentucky","Kenton",2010,147,74,72,1,0,0,0,115,72,50,0,0,41,106,0
"Kentucky","Livingston",2010,245,188,56,1,0,0,0,108,67,43,0,0,245,0,0
"Kentucky","Madison",2010,115,40,75,0,0,0,0,85,65,53,0,0,0,115,0
"Kentucky","Marshall",2010,57,57,0,0,0,0,0,31,24,16,0,0,0,0,57
"Kentucky","McCracken",2010,365,179,179,7,0,0,0,122,80,51,0,9,156,200,0
"Kentucky","Morgan",2010,334,265,64,5,0,0,0,133,71,41,0,0,334,0,0
"Kentucky","Ohio",2010,151,80,71,0,0,0,0,85,63,48,0,0,0,151,0
"Kentucky","Oldham",2010,243,138,89,15,1,0,0,161,90,48,0,0,243,0,0
"Kentucky","Perry",2010,357,214,139,4,0,0,0,115,65,46,0,0,127,230,0
"Kentucky","Pike",2010,345,195,148,2,0,0,0,105,66,47,0,0,137,208,0
"Kentucky","Pulaski",2010,298,224,74,0,0,0,0,100,62,44,0,0,245,53,0
"Kentucky","Simpson",2010,243,160,76,7,0,0,0,112,84,46,0,0,243,0,0
"Kentucky","Trigg",2010,364,225,132,7,0,0,0,147,77,45,0,0,301,63,0
"Kentucky","Warren",2010,364,177,185,2,0,0,0,105,68,51,0,0,110,254,0
"Kentucky","Washington",2010,361,271,85,5,0,0,0,126,67,41,0,0,361,0,0
"Louisiana","Ascension",2010,365,305,48,12,0,0,0,143,67,36,0,15,350,0,0
"Louisiana","Bossier",2010,364,167,182,13,2,0,0,161,80,52,0,0,169,195,0
"Louisiana","Caddo",2010,363,233,119,11,0,0,0,143,71,44,0,0,280,83,0
"Louisiana","Calcasieu",2010,365,147,209,9,0,0,0,147,76,53,0,1,118,246,0
"Louisiana","East Baton Rouge",2010,365,91,257,16,1,0,0,159,80,57,0,9,92,263,1
"Louisiana","Iberville",2010,365,223,124,18,0,0,0,140,84,45,0,3,269,93,0
"Louisiana","Jefferson",2010,365,137,217,10,1,0,0,169,77,53,0,6,117,242,0
"Louisiana","Lafayette",2010,365,81,274,10,0,0,0,129,80,58,0,0,77,288,0
"Louisiana","Lafourche",2010,364,212,144,8,0,0,0,129,70,46,0,0,182,182,0
"Louisiana","Livingston",2010,365,190,165,8,2,0,0,192,69,49,0,6,153,206,0
"Louisiana","Orleans",2010,365,193,168,4,0,0,0,140,67,49,0,0,126,239,0
"Louisiana","Ouachita",2010,363,212,148,3,0,0,0,101,68,45,0,0,198,165,0
"Louisiana","Pointe Coupee",2010,362,286,66,10,0,0,0,143,74,41,0,0,362,0,0
"Louisiana","Rapides",2010,119,70,49,0,0,0,0,79,62,46,0,0,0,119,0
"Louisiana","St. Bernard",2010,365,82,275,8,0,0,0,140,77,58,0,0,77,288,0
"Louisiana","St. Charles",2010,361,306,45,10,0,0,0,129,61,35,0,0,361,0,0
"Louisiana","St. James",2010,362,312,48,2,0,0,0,105,58,37,0,0,362,0,0
"Louisiana","St. John the Baptist",2010,365,297,61,7,0,0,0,115,67,38,0,0,365,0,0
"Louisiana","St. Tammany",2010,362,183,174,3,2,0,0,159,74,50,0,0,170,192,0
"Louisiana","Tangipahoa",2010,115,64,51,0,0,0,0,71,59,49,0,0,0,115,0
"Louisiana","Terrebonne",2010,120,71,49,0,0,0,0,71,58,47,0,0,0,120,0
"Louisiana","West Baton Rouge",2010,365,95,266,4,0,0,0,115,79,59,0,1,51,313,0
"Louisiana","Winn",2010,115,73,42,0,0,0,0,71,59,42,0,0,0,115,0
"Maine","Androscoggin",2010,365,267,96,1,1,0,0,161,59,39,0,0,97,268,0
"Maine","Aroostook",2010,365,317,47,1,0,0,0,101,52,35,0,0,204,140,21
"Maine","Cumberland",2010,365,277,82,4,2,0,0,177,61,39,0,10,199,155,1
"Maine","Hancock",2010,365,316,44,3,2,0,0,159,56,37,0,0,314,51,0
"Maine","Kennebec",2010,237,222,14,1,0,0,0,129,47,36,0,0,212,0,25
"Maine","Knox",2010,212,191,18,2,1,0,0,166,50,40,0,0,212,0,0
"Maine","Oxford",2010,230,229,1,0,0,0,0,54,46,34,0,0,230,0,0
"Maine","Penobscot",2010,365,299,66,0,0,0,0,90,57,38,0,0,182,183,0
"Maine","Piscataquis",2010,317,295,22,0,0,0,0,74,41,21,0,0,0,317,0
"Maine","Sagadahoc",2010,213,201,11,1,0,0,0,101,47,38,0,0,213,0,0
"Maine","Washington",2010,301,293,7,1,0,0,0,126,44,35,0,0,262,39,0
"Maine","York",2010,352,306,40,5,1,0,0,174,54,36,0,0,352,0,0
"Maryland","Anne Arundel",2010,360,158,182,16,4,0,0,185,90,53,0,0,145,215,0
"Maryland","Baltimore",2010,362,217,111,30,3,1,0,210,97,46,2,54,225,81,0
"Maryland","Baltimore (City)",2010,365,129,225,10,1,0,0,187,79,55,0,10,39,316,0
"Maryland","Calvert",2010,210,120,78,8,4,0,0,182,90,47,0,0,210,0,0
"Maryland","Carroll",2010,212,128,63,21,0,0,0,150,100,46,0,0,212,0,0
"Maryland","Cecil",2010,353,168,163,20,2,0,0,161,89,52,0,0,118,235,0
"Maryland","Charles",2010,213,128,72,10,3,0,0,169,87,47,0,0,213,0,0
"Maryland","Dorchester",2010,355,272,74,8,1,0,0,182,74,40,0,0,355,0,0
"Maryland","Frederick",2010,214,118,78,17,1,0,0,169,93,49,0,0,214,0,0
"Maryland","Garrett",2010,365,199,152,14,0,0,0,150,80,48,0,0,253,112,0
"Maryland","Harford",2010,263,133,89,24,16,1,0,205,119,50,0,0,201,62,0
"Maryland","Kent",2010,271,157,100,13,1,0,0,169,84,46,0,0,184,87,0
"Maryland","Montgomery",2010,362,150,188,24,0,0,0,136,90,53,0,0,117,245,0
"Maryland","Prince George's",2010,362,133,194,29,6,0,0,172,100,56,1,0,146,215,0
"Maryland","Washington",2010,303,126,166,10,1,0,0,161,84,54,0,0,157,146,0
"Maryland","Worcester",2010,171,117,49,4,1,0,0,187,77,45,0,0,171,0,0
"Massachusetts","Barnstable",2010,267,221,39,6,1,0,0,151,64,40,0,0,208,59,0
"Massachusetts","Berkshire",2010,348,224,116,8,0,0,0,133,71,41,0,0,102,246,0
"Massachusetts","Bristol",2010,365,230,129,6,0,0,0,136,68,44,0,0,116,249,0
"Massachusetts","Dukes",2010,266,209,47,8,2,0,0,187,67,42,0,0,203,63,0
"Massachusetts","Essex",2010,365,222,137,5,1,0,0,157,70,44,0,4,164,197,0
"Massachusetts","Hampden",2010,365,187,168,9,1,0,0,164,74,49,0,15,130,220,0
"Massachusetts","Hampshire",2010,365,273,83,8,1,0,0,159,66,39,0,1,292,72,0
"Massachusetts","Middlesex",2010,365,313,50,2,0,0,0,129,61,35,2,0,340,23,0
"Massachusetts","Norfolk",2010,365,281,75,9,0,0,0,143,64,40,0,0,182,183,0
"Massachusetts","Plymouth",2010,122,85,37,0,0,0,0,87,60,39,0,0,0,122,0
"Massachusetts","Suffolk",2010,365,128,233,3,1,0,0,156,72,54,0,8,48,309,0
"Massachusetts","Worcester",2010,365,190,170,5,0,0,0,143,72,49,0,11,109,245,0
"Michigan","Allegan",2010,244,156,83,5,0,0,0,122,80,44,0,0,171,73,0
"Michigan","Bay",2010,121,86,34,1,0,0,0,103,65,33,0,0,0,121,0
"Michigan","Benzie",2010,183,140,38,5,0,0,0,112,67,41,0,0,183,0,0
"Michigan","Berrien",2010,243,150,88,5,0,0,0,129,77,45,0,0,166,77,0
"Michigan","Cass",2010,180,133,44,3,0,0,0,108,67,45,0,0,180,0,0
"Michigan","Chippewa",2010,186,145,38,3,0,0,0,118,66,31,0,0,135,51,0
"Michigan","Clinton",2010,183,147,35,1,0,0,0,115,61,42,0,0,183,0,0
"Michigan","Genesee",2010,242,155,84,3,0,0,0,115,74,45,0,0,160,82,0
"Michigan","Huron",2010,183,155,26,2,0,0,0,126,64,40,0,0,183,0,0
"Michigan","Ingham",2010,304,234,69,1,0,0,0,112,64,40,0,14,223,67,0
"Michigan","Kalamazoo",2010,242,148,93,1,0,0,0,119,71,44,0,0,162,80,0
"Michigan","Kent",2010,365,274,87,4,0,0,0,126,67,38,1,0,285,78,1
"Michigan","Keweenaw",2010,112,102,10,0,0,0,0,61,46,14,0,0,0,112,0
"Michigan","Lenawee",2010,216,133,82,1,0,0,0,103,71,46,0,0,121,95,0
"Michigan","Macomb",2010,244,156,77,9,2,0,0,159,84,46,0,0,170,74,0
"Michigan","Manistee",2010,236,186,47,3,0,0,0,122,67,40,0,0,155,81,0
"Michigan","Mason",2010,183,154,27,2,0,0,0,126,61,39,0,0,183,0,0
"Michigan","Missaukee",2010,298,252,46,0,0,0,0,97,58,35,0,2,237,59,0
"Michigan","Monroe",2010,123,68,54,1,0,0,0,117,69,47,0,0,0,123,0
"Michigan","Muskegon",2010,243,163,72,8,0,0,0,129,77,43,0,0,167,76,0
"Michigan","Oakland",2010,240,149,86,5,0,0,0,140,74,44,0,0,162,78,0
"Michigan","Ottawa",2010,241,152,85,4,0,0,0,119,74,44,0,0,165,76,0
"Michigan","Schoolcraft",2010,244,204,34,5,1,0,0,164,61,33,0,0,176,68,0
"Michigan","St. Clair",2010,243,161,71,11,0,0,0,150,76,42,0,0,152,91,0
"Michigan","Tuscola",2010,361,326,35,0,0,0,0,100,50,36,0,0,361,0,0
"Michigan","Washtenaw",2010,362,273,88,1,0,0,0,119,67,39,0,0,300,62,0
"Michigan","Wayne",2010,365,131,219,15,0,0,0,140,87,56,0,7,97,259,2
"Michigan","Wexford",2010,356,333,23,0,0,0,0,100,48,35,0,0,356,0,0
"Minnesota","Anoka",2010,365,161,201,3,0,0,0,117,74,53,0,7,84,274,0
"Minnesota","Becker",2010,358,280,78,0,0,0,0,100,58,37,0,0,153,205,0
"Minnesota","Carlton",2010,365,356,8,1,0,0,0,101,41,18,0,179,186,0,0
"Minnesota","Cass",2010,27,27,0,0,0,0,0,50,44,22,0,0,0,27,0
"Minnesota","Cook",2010,263,212,51,0,0,0,0,76,55,27,0,0,0,263,0
"Minnesota","Crow Wing",2010,330,250,79,1,0,0,0,119,58,39,0,0,107,223,0
"Minnesota","Dakota",2010,365,191,168,6,0,0,0,125,73,48,0,9,0,356,0
"Minnesota","Goodhue",2010,188,170,17,1,0,0,0,101,50,38,0,0,188,0,0
"Minnesota","Hennepin",2010,365,212,150,3,0,0,0,128,69,44,15,0,0,348,2
"Minnesota","Lake",2010,350,299,50,1,0,0,0,123,54,30,0,0,136,201,13
"Minnesota","Lyon",2010,355,155,197,3,0,0,0,109,71,52,0,0,66,289,0
"Minnesota","Mille Lacs",2010,196,189,6,1,0,0,0,115,44,33,0,0,196,0,0
"Minnesota","Olmsted",2010,360,184,172,4,0,0,0,123,74,50,0,0,90,270,0
"Minnesota","Ramsey",2010,363,182,175,6,0,0,0,125,73,50,0,0,0,342,21
"Minnesota","Rock",2010,108,79,29,0,0,0,0,81,61,34,0,0,0,108,0
"Minnesota","Saint Louis",2010,365,260,104,1,0,0,0,101,64,41,0,0,210,151,4
"Minnesota","Scott",2010,242,189,51,2,0,0,0,120,58,38,0,0,154,88,0
"Minnesota","Stearns",2010,359,244,113,2,0,0,0,120,60,40,0,0,118,241,0
"Minnesota","Washington",2010,180,163,16,1,0,0,0,105,50,40,0,0,180,0,0
"Minnesota","Winona",2010,118,89,29,0,0,0,0,94,56,31,0,0,0,118,0
"Minnesota","Wright",2010,353,171,178,4,0,0,0,125,68,51,0,0,35,318,0
"Mississippi","Adams",2010,283,185,97,1,0,0,0,119,66,44,0,0,178,105,0
"Mississippi","Bolivar",2010,365,132,227,6,0,0,0,147,74,54,0,0,84,281,0
"Mississippi","DeSoto",2010,365,138,219,8,0,0,0,147,74,54,0,0,78,287,0
"Mississippi","Forrest",2010,115,35,80,0,0,0,0,79,68,55,0,0,0,115,0
"Mississippi","Grenada",2010,119,58,61,0,0,0,0,77,62,51,0,0,0,119,0
"Mississippi","Hancock",2010,285,190,94,1,0,0,0,108,67,44,0,0,187,98,0
"Mississippi","Harrison",2010,362,133,219,10,0,0,0,136,73,54,0,0,90,272,0
"Mississippi","Hinds",2010,362,129,232,1,0,0,0,108,68,54,0,0,55,307,0
"Mississippi","Jackson",2010,364,264,92,8,0,0,0,140,64,41,0,81,193,90,0
"Mississippi","Jones",2010,121,20,101,0,0,0,0,90,69,58,0,0,0,121,0
"Mississippi","Lauderdale",2010,365,121,242,2,0,0,0,108,68,54,0,0,31,334,0
"Mississippi","Lee",2010,365,124,239,2,0,0,0,105,71,54,0,0,66,299,0
"Mississippi","Yalobusha",2010,360,318,35,7,0,0,0,126,54,36,0,0,360,0,0
"Missouri","Andrew",2010,210,166,38,6,0,0,0,136,77,41,0,0,210,0,0
"Missouri","Boone",2010,214,178,34,2,0,0,0,101,61,40,0,0,214,0,0
"Missouri","Buchanan",2010,341,125,216,0,0,0,0,89,72,54,0,0,0,328,13
"Missouri","Callaway",2010,214,172,41,1,0,0,0,119,61,42,0,0,214,0,0
"Missouri","Cass",2010,365,161,204,0,0,0,0,100,71,53,0,0,91,274,0
"Missouri","Cedar",2010,363,136,226,1,0,0,0,133,74,53,0,0,101,262,0
"Missouri","Clay",2010,365,174,178,13,0,0,0,129,80,52,0,0,156,209,0
"Missouri","Clinton",2010,214,153,49,12,0,0,0,147,87,44,0,0,214,0,0
"Missouri","Greene",2010,325,213,111,1,0,0,0,101,77,44,7,58,192,67,1
"Missouri","Jackson",2010,365,114,250,1,0,0,0,119,71,55,0,14,0,350,1
"Missouri","Jasper",2010,365,273,86,6,0,0,0,140,80,39,0,0,203,0,162
"Missouri","Jefferson",2010,359,135,203,20,1,0,0,151,84,54,0,0,114,245,0
"Missouri","Lincoln",2010,214,153,49,11,1,0,0,151,84,44,0,0,214,0,0
"Missouri","Monroe",2010,227,194,30,3,0,0,0,115,64,41,0,0,214,0,13
"Missouri","Perry",2010,214,131,76,7,0,0,0,133,84,47,0,0,214,0,0
"Missouri","Saint Charles",2010,304,222,54,25,3,0,0,164,100,40,0,90,214,0,0
"Missouri","Saint Louis",2010,365,113,236,16,0,0,0,133,84,56,0,1,116,241,7
"Missouri","Sainte Genevieve",2010,309,207,94,8,0,0,0,129,77,43,0,64,177,68,0
"Missouri","St. Louis City",2010,365,66,293,5,1,0,0,162,78,61,0,1,31,296,37
"Missouri","Stoddard",2010,109,56,52,1,0,0,0,110,66,49,0,0,0,109,0
"Missouri","Taney",2010,260,186,74,0,0,0,0,93,67,42,0,0,186,74,0
"Montana","Cascade",2010,365,260,105,0,0,0,0,99,59,39,14,0,0,351,0
"Montana","Fergus",2010,121,118,3,0,0,0,0,58,29,14,0,0,0,121,0
"Montana","Flathead",2010,365,188,177,0,0,0,0,96,66,49,0,0,99,264,2
"Montana","Gallatin",2010,365,239,124,2,0,0,0,124,69,38,1,4,0,360,0
"Montana","Glacier",2010,153,137,16,0,0,0,0,74,54,41,0,0,153,0,0
"Montana","Lake",2010,359,352,7,0,0,0,0,62,29,13,0,0,0,45,314
"Montana","Lewis and Clark",2010,360,248,98,11,3,0,0,160,72,33,0,0,0,360,0
"Montana","Lincoln",2010,365,171,190,4,0,0,0,107,81,52,0,0,0,357,8
"Montana","Missoula",2010,365,84,234,40,7,0,0,192,111,61,0,0,15,350,0
"Montana","Powder River",2010,364,308,56,0,0,0,0,80,53,39,0,1,203,137,23
"Montana","Powell",2010,111,106,5,0,0,0,0,76,27,13,0,0,0,111,0
"Montana","Ravalli",2010,358,246,105,7,0,0,0,145,67,37,0,0,0,358,0
"Montana","Richland",2010,365,322,43,0,0,0,0,84,51,38,0,1,252,81,31
"Montana","Roosevelt",2010,97,90,7,0,0,0,0,75,47,20,0,0,0,97,0
"Montana","Rosebud",2010,365,334,29,2,0,0,0,108,49,35,0,14,187,98,66
"Montana","Sanders",2010,122,105,17,0,0,0,0,70,52,31,0,0,0,122,0
"Montana","Sheridan",2010,113,107,5,1,0,0,0,102,41,17,0,0,0,113,0
"Montana","Silver Bow",2010,362,224,124,14,0,0,0,139,75,39,0,0,0,314,48
"Montana","Yellowstone",2010,365,319,46,0,0,0,0,84,53,26,27,0,0,338,0
"Nebraska","Cass",2010,308,285,19,3,1,0,0,176,45,21,0,0,0,0,308
"Nebraska","Dawson",2010,58,54,4,0,0,0,0,69,38,19,0,0,0,0,58
"Nebraska","Douglas",2010,365,163,196,6,0,0,0,137,79,52,5,0,75,156,129
"Nebraska","Garden",2010,115,109,6,0,0,0,0,64,39,18,0,0,0,115,0
"Nebraska","Hall",2010,113,86,27,0,0,0,0,79,57,35,0,0,0,113,0
"Nebraska","Knox",2010,349,324,25,0,0,0,0,90,49,36,0,0,349,0,0
"Nebraska","Lancaster",2010,359,317,41,1,0,0,0,108,52,30,94,0,166,99,0
"Nebraska","Sarpy",2010,207,67,138,2,0,0,0,125,74,54,0,0,0,207,0
"Nebraska","Scotts Bluff",2010,210,175,35,0,0,0,0,80,54,43,0,0,148,62,0
"Nebraska","Thomas",2010,109,103,6,0,0,0,0,88,44,22,0,0,0,109,0
"Nebraska","Washington",2010,120,74,45,1,0,0,0,106,69,44,0,0,0,120,0
"Nevada","Carson City",2010,190,149,41,0,0,0,0,90,71,38,0,0,190,0,0
"Nevada","Churchill",2010,207,186,21,0,0,0,0,80,51,40,0,0,207,0,0
"Nevada","Clark",2010,365,118,214,33,0,0,0,147,100,58,0,2,255,108,0
"Nevada","Douglas",2010,339,339,0,0,0,0,0,36,16,8,339,0,0,0,0
"Nevada","Elko",2010,300,294,5,1,0,0,0,139,38,20,0,0,0,36,264
"Nevada","Lyon",2010,192,167,24,1,0,0,0,101,54,37,0,0,192,0,0
"Nevada","Mineral",2010,246,242,4,0,0,0,0,67,29,11,0,0,0,0,246
"Nevada","Nye",2010,362,332,30,0,0,0,0,82,46,27,0,0,0,0,362
"Nevada","Washoe",2010,365,221,140,4,0,0,0,122,80,47,0,57,273,24,11
"Nevada","White Pine",2010,352,268,83,1,0,0,0,122,67,45,0,0,341,11,0
"New Hampshire","Belknap",2010,213,186,24,3,0,0,0,119,55,38,0,0,176,37,0
"New Hampshire","Cheshire",2010,365,236,128,1,0,0,0,106,69,42,0,0,178,187,0
"New Hampshire","Coos",2010,362,294,63,5,0,0,0,129,64,44,0,0,361,1,0
"New Hampshire","Grafton",2010,365,281,84,0,0,0,0,94,58,38,0,0,237,128,0
"New Hampshire","Hillsborough",2010,365,287,70,8,0,0,0,140,67,39,1,10,319,35,0
"New Hampshire","Merrimack",2010,238,173,62,3,0,0,0,126,64,40,0,0,140,98,0
"New Hampshire","Rockingham",2010,363,281,78,3,1,0,0,155,62,39,0,0,252,110,1
"New Jersey","Atlantic",2010,365,233,123,9,0,0,0,150,73,44,0,0,226,139,0
"New Jersey","Bergen",2010,365,268,81,16,0,0,0,150,69,39,2,115,196,52,0
"New Jersey","Camden",2010,365,184,157,16,8,0,0,172,93,50,0,0,185,177,3
"New Jersey","Cumberland",2010,363,236,116,11,0,0,0,143,77,43,0,0,233,130,0
"New Jersey","Essex",2010,365,226,122,14,3,0,0,164,80,45,0,69,163,133,0
"New Jersey","Gloucester",2010,365,254,90,19,2,0,0,179,87,41,0,0,315,50,0
"New Jersey","Hudson",2010,365,172,180,12,0,1,0,206,80,52,0,80,91,191,3
"New Jersey","Hunterdon",2010,364,199,141,22,2,0,0,169,90,47,0,0,214,150,0
"New Jersey","Mercer",2010,365,194,138,28,5,0,0,174,97,48,0,3,227,134,1
"New Jersey","Middlesex",2010,365,233,105,22,5,0,0,172,84,43,2,29,234,100,0
"New Jersey","Monmouth",2010,365,306,49,6,4,0,0,174,74,34,94,0,271,0,0
"New Jersey","Morris",2010,365,260,96,7,2,0,0,172,80,39,5,12,292,56,0
"New Jersey","Ocean",2010,360,218,116,22,4,0,0,172,93,46,0,0,202,158,0
"New Jersey","Passaic",2010,286,199,77,9,1,0,0,172,74,42,0,0,225,61,0
"New Jersey","Union",2010,365,147,214,4,0,0,0,108,77,54,0,52,0,313,0
"New Jersey","Warren",2010,163,97,65,1,0,0,0,112,65,41,0,0,0,163,0
"New Mexico","Bernalillo",2010,365,77,283,5,0,0,0,146,81,61,0,4,164,179,18
"New Mexico","Catron",2010,112,111,1,0,0,0,0,75,23,13,0,0,0,112,0
"New Mexico","Chaves",2010,128,118,10,0,0,0,0,75,47,27,0,0,0,119,9
"New Mexico","Dona Ana",2010,365,120,233,7,1,0,4,690,84,56,0,5,174,92,94
"New Mexico","Eddy",2010,365,275,88,2,0,0,0,101,67,39,0,2,312,51,0
"New Mexico","Grant",2010,365,290,73,2,0,0,0,126,61,45,0,0,355,10,0
"New Mexico","Lea",2010,365,326,39,0,0,0,0,68,51,37,0,20,235,107,3
"New Mexico","Lincoln",2010,103,100,2,1,0,0,0,127,29,15,0,0,0,103,0
"New Mexico","Los Alamos",2010,112,112,0,0,0,0,0,39,21,13,0,0,0,112,0
"New Mexico","Luna",2010,365,342,19,2,0,0,2,411,47,39,0,10,314,0,41
"New Mexico","McKinley",2010,269,269,0,0,0,0,0,31,19,12,0,0,0,0,269
"New Mexico","Rio Arriba",2010,104,103,1,0,0,0,0,52,22,12,0,0,0,104,0
"New Mexico","San Juan",2010,365,240,115,6,2,2,0,251,78,45,0,26,320,17,2
"New Mexico","Sandoval",2010,365,221,144,0,0,0,0,100,64,48,0,0,240,0,125
"New Mexico","Santa Fe",2010,365,304,60,1,0,0,0,101,54,44,0,0,354,11,0
"New Mexico","Socorro",2010,107,107,0,0,0,0,0,31,26,15,0,0,0,107,0
"New Mexico","Taos",2010,355,347,8,0,0,0,0,66,36,19,0,0,0,346,9
"New Mexico","Valencia",2010,365,309,56,0,0,0,0,87,54,43,0,0,334,31,0
"New York","Albany",2010,365,219,140,6,0,0,0,147,69,44,0,0,159,206,0
"New York","Bronx",2010,365,129,225,11,0,0,0,136,77,54,0,38,60,267,0
"New York","Chautauqua",2010,365,271,78,15,1,0,0,159,74,40,0,0,328,37,0
"New York","Chemung",2010,363,323,37,3,0,0,0,122,54,35,0,0,363,0,0
"New York","Dutchess",2010,361,320,35,5,1,0,0,166,54,34,0,0,361,0,0
"New York","Erie",2010,365,149,209,7,0,0,0,122,80,53,0,7,81,277,0
"New York","Essex",2010,365,284,72,8,1,0,0,162,64,42,0,0,309,56,0
"New York","Franklin",2010,338,337,1,0,0,0,0,67,32,12,0,155,183,0,0
"New York","Hamilton",2010,359,331,27,1,0,0,0,105,49,36,0,0,359,0,0
"New York","Herkimer",2010,359,332,26,1,0,0,0,105,49,36,0,0,359,0,0
"New York","Jefferson",2010,356,317,29,10,0,0,0,143,51,35,0,0,356,0,0
"New York","Kings",2010,364,190,173,1,0,0,0,106,69,49,0,0,0,364,0
"New York","Madison",2010,362,319,39,4,0,0,0,140,54,36,0,0,362,0,0
"New York","Monroe",2010,365,249,109,7,0,0,0,108,66,40,4,0,187,174,0
"New York","Nassau",2010,365,209,156,0,0,0,0,96,69,44,0,51,0,314,0
"New York","New York",2010,365,97,261,7,0,0,0,119,77,57,0,0,55,310,0
"New York","Niagara",2010,365,209,150,6,0,0,0,115,71,47,1,0,129,235,0
"New York","Oneida",2010,365,262,103,0,0,0,0,97,64,38,0,0,154,211,0
"New York","Onondaga",2010,365,308,52,5,0,0,0,140,58,34,6,0,303,56,0
"New York","Orange",2010,363,224,130,8,1,0,0,154,72,43,0,0,196,167,0
"New York","Oswego",2010,354,311,39,4,0,0,0,115,54,34,0,0,354,0,0
"New York","Putnam",2010,360,310,42,6,2,0,0,166,67,36,0,0,360,0,0
"New York","Queens",2010,365,163,191,8,3,0,0,169,77,52,0,47,81,237,0
"New York","Rensselaer",2010,357,311,40,6,0,0,0,122,58,36,0,0,357,0,0
"New York","Richmond",2010,365,204,139,19,2,1,0,208,90,48,0,0,168,197,0
"New York","Rockland",2010,365,248,107,9,1,0,0,156,71,42,0,0,252,113,0
"New York","Saratoga",2010,362,329,29,4,0,0,0,105,50,35,0,0,362,0,0
"New York","Schenectady",2010,365,341,21,3,0,0,0,122,46,31,3,0,362,0,0
"New York","Steuben",2010,365,260,105,0,0,0,0,100,61,38,3,6,152,204,0
"New York","Suffolk",2010,365,247,93,22,3,0,0,166,87,44,0,21,278,66,0
"New York","Tompkins",2010,345,298,43,4,0,0,0,122,58,37,0,0,345,0,0
"New York","Ulster",2010,363,317,44,2,0,0,0,115,54,37,0,0,363,0,0
"New York","Wayne",2010,216,188,24,4,0,0,0,112,54,35,0,0,216,0,0
"New York","Westchester",2010,365,238,113,14,0,0,0,150,70,43,0,0,179,186,0
"North Carolina","Alamance",2010,363,144,219,0,0,0,0,92,66,53,0,0,0,363,0
"North Carolina","Alexander",2010,214,132,75,7,0,0,0,140,84,46,0,0,214,0,0
"North Carolina","Avery",2010,362,266,89,7,0,0,0,122,71,44,0,0,322,40,0
"North Carolina","Buncombe",2010,364,162,198,4,0,0,0,119,68,52,0,0,73,291,0
"North Carolina","Caldwell",2010,212,149,59,4,0,0,0,122,74,44,0,0,212,0,0
"North Carolina","Carteret",2010,318,279,38,1,0,0,0,101,54,37,0,0,318,0,0
"North Carolina","Caswell",2010,365,176,183,6,0,0,0,126,73,51,0,0,118,247,0
"North Carolina","Catawba",2010,363,133,230,0,0,0,0,90,69,54,0,0,0,363,0
"North Carolina","Chatham",2010,257,178,77,2,0,0,0,108,69,44,0,0,157,100,0
"North Carolina","Cumberland",2010,362,141,213,7,1,0,0,151,80,54,0,0,117,245,0
"North Carolina","Davidson",2010,352,123,229,0,0,0,0,90,67,54,0,0,0,352,0
"North Carolina","Davie",2010,214,125,81,8,0,0,0,140,87,48,0,0,214,0,0
"North Carolina","Duplin",2010,121,67,54,0,0,0,0,71,62,47,0,0,0,116,5
"North Carolina","Durham",2010,364,151,205,8,0,0,0,129,68,53,0,0,85,279,0
"North Carolina","Edgecombe",2010,263,147,112,4,0,0,0,136,77,48,0,0,185,78,0
"North Carolina","Forsyth",2010,365,105,237,20,3,0,0,169,93,58,0,3,107,255,0
"North Carolina","Franklin",2010,214,156,54,4,0,0,0,119,71,44,0,0,214,0,0
"North Carolina","Gaston",2010,361,126,235,0,0,0,0,95,65,54,0,0,0,361,0
"North Carolina","Graham",2010,196,108,76,12,0,0,0,119,87,48,0,0,196,0,0
"North Carolina","Granville",2010,214,122,86,6,0,0,0,136,80,48,0,0,214,0,0
"North Carolina","Guilford",2010,364,136,209,18,1,0,0,154,80,54,0,0,107,257,0
"North Carolina","Haywood",2010,267,134,123,10,0,0,0,122,80,50,0,0,178,89,0
"North Carolina","Hyde",2010,118,87,31,0,0,0,0,76,58,32,0,0,0,118,0
"North Carolina","Jackson",2010,256,126,127,3,0,0,0,136,77,51,0,0,174,82,0
"North Carolina","Johnston",2010,266,144,116,6,0,0,0,119,74,49,0,0,171,95,0
"North Carolina","Lenoir",2010,260,159,99,2,0,0,0,140,71,47,0,0,173,87,0
"North Carolina","Lincoln",2010,212,130,74,8,0,0,0,143,84,46,0,0,212,0,0
"North Carolina","Macon",2010,356,323,31,2,0,0,0,129,50,36,0,0,356,0,0
"North Carolina","Martin",2010,357,201,153,3,0,0,0,133,67,48,0,0,116,241,0
"North Carolina","McDowell",2010,362,165,197,0,0,0,0,80,64,52,0,0,0,362,0
"North Carolina","Mecklenburg",2010,365,94,247,20,4,0,0,177,93,59,0,4,127,234,0
"North Carolina","Mitchell",2010,121,53,68,0,0,0,0,70,63,52,0,0,0,121,0
"North Carolina","Montgomery",2010,331,221,106,4,0,0,0,129,65,43,0,0,250,81,0
"North Carolina","New Hanover",2010,360,240,119,1,0,0,0,129,61,44,0,0,111,249,0
"North Carolina","Person",2010,213,123,79,11,0,0,0,129,87,48,0,0,213,0,0
"North Carolina","Pitt",2010,257,159,95,3,0,0,0,136,74,47,0,0,172,85,0
"North Carolina","Robeson",2010,121,51,70,0,0,0,0,85,63,52,0,0,0,121,0
"North Carolina","Rockingham",2010,214,117,88,8,1,0,0,156,90,49,0,0,214,0,0
"North Carolina","Rowan",2010,365,119,225,20,1,0,0,169,93,56,0,0,162,203,0
"North Carolina","Swain",2010,359,151,208,0,0,0,0,97,65,53,0,0,29,330,0
"North Carolina","Union",2010,221,139,75,7,0,0,0,115,80,45,0,0,221,0,0
"North Carolina","Wake",2010,365,116,240,9,0,0,0,143,80,56,0,0,120,245,0
"North Carolina","Watauga",2010,119,67,52,0,0,0,0,75,60,47,0,0,0,119,0
"North Carolina","Wayne",2010,356,144,212,0,0,0,0,93,64,53,0,0,0,356,0
"North Carolina","Yancey",2010,211,130,74,7,0,0,0,129,80,48,0,0,211,0,0
"North Dakota","Billings",2010,354,334,20,0,0,0,0,90,48,38,0,0,329,25,0
"North Dakota","Burke",2010,363,289,74,0,0,0,0,90,55,40,0,4,233,125,1
"North Dakota","Burleigh",2010,362,250,112,0,0,0,0,90,61,42,0,6,139,217,0
"North Dakota","Cass",2010,365,225,139,1,0,0,0,124,65,44,2,18,103,225,17
"North Dakota","Dunn",2010,112,102,10,0,0,0,0,87,49,41,0,0,112,0,0
"North Dakota","McKenzie",2010,364,299,65,0,0,0,0,100,55,41,0,0,246,117,1
"North Dakota","Mercer",2010,365,293,72,0,0,0,0,87,56,40,0,4,242,119,0
"North Dakota","Oliver",2010,362,343,19,0,0,0,0,93,47,37,0,3,359,0,0
"North Dakota","Ward",2010,90,90,0,0,0,0,0,29,13,5,0,90,0,0,0
"Ohio","Adams",2010,178,38,140,0,0,0,0,98,73,57,0,0,0,178,0
"Ohio","Allen",2010,365,194,159,11,1,0,0,154,83,49,0,0,153,209,3
"Ohio","Ashtabula",2010,214,146,50,17,1,0,0,156,93,44,0,0,214,0,0
"Ohio","Athens",2010,361,290,68,3,0,0,0,119,64,33,0,120,197,44,0
"Ohio","Butler",2010,362,193,141,27,1,0,0,151,93,49,0,0,288,74,0
"Ohio","Clark",2010,350,123,217,10,0,0,0,136,84,57,0,0,123,227,0
"Ohio","Clermont",2010,365,87,263,14,1,0,0,154,83,58,0,0,93,272,0
"Ohio","Clinton",2010,213,115,89,9,0,0,0,133,87,49,0,0,213,0,0
"Ohio","Columbiana",2010,61,59,2,0,0,0,0,58,36,23,0,0,0,0,61
"Ohio","Crawford",2010,280,231,48,1,0,0,0,112,64,41,0,0,280,0,0
"Ohio","Cuyahoga",2010,365,80,252,32,1,0,0,155,98,65,1,2,97,265,0
"Ohio","Delaware",2010,212,138,66,8,0,0,0,133,84,44,0,0,212,0,0
"Ohio","Fayette",2010,352,277,70,5,0,0,0,129,67,40,0,0,352,0,0
"Ohio","Franklin",2010,365,129,217,18,1,0,0,156,84,56,1,0,127,234,3
"Ohio","Geauga",2010,214,138,68,7,1,0,0,154,84,46,0,0,214,0,0
"Ohio","Greene",2010,365,135,226,4,0,0,0,115,80,55,0,0,129,236,0
"Ohio","Hamilton",2010,365,23,311,28,3,0,0,172,97,71,0,1,71,293,0
"Ohio","Hancock",2010,61,61,0,0,0,0,0,39,34,22,0,0,0,0,61
"Ohio","Jefferson",2010,365,121,237,6,1,0,0,152,86,57,0,0,73,291,1
"Ohio","Knox",2010,214,154,56,4,0,0,0,122,74,42,0,0,214,0,0
"Ohio","Lake",2010,365,169,180,15,1,0,0,159,84,52,0,0,160,205,0
"Ohio","Lawrence",2010,306,71,221,13,1,0,0,152,87,59,0,0,100,206,0
"Ohio","Licking",2010,214,129,75,10,0,0,0,136,80,46,0,0,214,0,0
"Ohio","Lorain",2010,361,142,207,12,0,0,0,140,83,55,0,0,59,302,0
"Ohio","Lucas",2010,360,155,197,7,1,0,0,164,77,53,0,0,85,244,31
"Ohio","Madison",2010,210,132,70,8,0,0,0,126,84,47,0,0,210,0,0
"Ohio","Mahoning",2010,365,126,232,7,0,0,0,140,75,55,0,0,49,316,0
"Ohio","Medina",2010,324,185,133,5,1,0,0,161,80,48,0,0,228,96,0
"Ohio","Miami",2010,213,146,65,2,0,0,0,133,77,44,0,0,213,0,0
"Ohio","Montgomery",2010,365,118,226,21,0,0,0,140,88,59,0,0,119,246,0
"Ohio","Noble",2010,340,232,96,12,0,0,0,136,77,43,0,0,287,53,0
"Ohio","Portage",2010,260,176,80,4,0,0,0,126,67,43,0,0,161,99,0
"Ohio","Preble",2010,359,127,227,5,0,0,0,136,77,56,0,0,107,252,0
"Ohio","Scioto",2010,365,287,78,0,0,0,0,84,59,24,0,0,0,116,249
"Ohio","Stark",2010,365,98,242,24,1,0,0,156,93,60,3,0,102,260,0
"Ohio","Summit",2010,365,80,267,18,0,0,0,140,90,63,1,0,47,317,0
"Ohio","Trumbull",2010,360,149,204,6,1,0,0,159,80,54,0,0,98,261,1
"Ohio","Warren",2010,365,84,270,11,0,0,0,150,84,59,0,0,95,270,0
"Ohio","Washington",2010,214,130,74,10,0,0,0,129,90,46,0,0,214,0,0
"Ohio","Wood",2010,214,159,53,2,0,0,0,105,71,44,0,0,214,0,0
"Oklahoma","Adair",2010,365,90,273,2,0,0,0,105,80,60,0,0,88,277,0
"Oklahoma","Caddo",2010,348,277,70,1,0,0,0,126,67,40,0,0,317,30,1
"Oklahoma","Canadian",2010,365,310,51,4,0,0,0,112,61,37,0,0,365,0,0
"Oklahoma","Carter",2010,357,235,122,0,0,0,0,74,59,39,0,0,0,357,0
"Oklahoma","Cherokee",2010,294,227,62,4,1,0,0,151,71,40,0,0,294,0,0
"Oklahoma","Cleveland",2010,364,157,206,1,0,0,0,112,68,52,0,0,125,239,0
"Oklahoma","Comanche",2010,365,174,189,2,0,0,0,136,67,52,0,0,140,225,0
"Oklahoma","Creek",2010,356,298,56,2,0,0,0,112,64,38,0,0,356,0,0
"Oklahoma","Dewey",2010,365,252,111,2,0,0,0,112,64,44,0,0,263,102,0
"Oklahoma","Ellis",2010,119,105,14,0,0,0,0,64,52,27,0,0,0,119,0
"Oklahoma","Jefferson",2010,142,118,23,1,0,0,0,119,67,40,0,0,142,0,0
"Oklahoma","Kay",2010,364,173,191,0,0,0,0,93,63,51,0,0,104,260,0
"Oklahoma","Lincoln",2010,291,275,16,0,0,0,0,77,46,33,0,0,291,0,0
"Oklahoma","Love",2010,277,217,58,2,0,0,0,108,71,43,0,0,277,0,0
"Oklahoma","Mayes",2010,285,176,108,1,0,0,0,101,71,45,0,0,202,83,0
"Oklahoma","McClain",2010,362,316,45,1,0,0,0,108,51,37,0,0,362,0,0
"Oklahoma","McCurtain",2010,256,220,35,1,0,0,0,101,61,38,0,0,256,0,0
"Oklahoma","Muskogee",2010,363,265,98,0,0,0,0,99,61,33,0,0,5,108,250
"Oklahoma","Oklahoma",2010,365,141,215,9,0,0,0,129,77,54,0,13,155,196,1
"Oklahoma","Osage",2010,351,306,44,1,0,0,0,105,58,38,0,0,342,0,9
"Oklahoma","Ottawa",2010,361,169,189,3,0,0,0,119,71,51,0,0,130,228,3
"Oklahoma","Pittsburg",2010,365,158,206,1,0,0,0,101,70,53,0,0,145,220,0
"Oklahoma","Sequoyah",2010,281,220,60,1,0,0,0,129,67,38,0,29,238,14,0
"Oklahoma","Tulsa",2010,365,84,274,7,0,0,0,126,81,59,0,0,102,260,3
"Oregon","Baker",2010,356,267,89,0,0,0,0,80,57,33,0,0,0,356,0
"Oregon","Benton",2010,364,331,33,0,0,0,0,72,49,20,0,0,0,364,0
"Oregon","Clackamas",2010,229,217,10,1,1,0,0,172,43,27,0,0,128,101,0
"Oregon","Columbia",2010,363,346,17,0,0,0,0,71,44,29,0,0,100,263,0
"Oregon","Crook",2010,359,278,80,1,0,0,0,102,61,27,0,0,0,359,0
"Oregon","Deschutes",2010,365,328,37,0,0,0,0,86,51,34,0,0,141,224,0
"Oregon","Douglas",2010,363,316,47,0,0,0,0,68,52,28,0,0,0,363,0
"Oregon","Grant",2010,365,242,122,1,0,0,0,137,63,33,0,0,0,365,0
"Oregon","Harney",2010,355,221,132,2,0,0,0,118,73,33,0,0,0,355,0
"Oregon","Jackson",2010,365,262,103,0,0,0,0,93,62,39,0,0,138,227,0
"Oregon","Jefferson",2010,365,261,103,0,1,0,0,172,61,33,0,0,0,365,0
"Oregon","Josephine",2010,365,287,77,1,0,0,0,103,57,29,0,0,0,365,0
"Oregon","Klamath",2010,363,229,130,4,0,0,0,143,70,35,0,0,0,363,0
"Oregon","Lake",2010,364,279,83,2,0,0,0,118,61,28,0,0,0,364,0
"Oregon","Lane",2010,365,202,158,5,0,0,0,127,72,47,0,0,83,282,0
"Oregon","Linn",2010,365,225,140,0,0,0,0,89,66,34,0,0,0,365,0
"Oregon","Marion",2010,365,291,73,1,0,0,0,126,57,31,0,0,117,248,0
"Oregon","Multnomah",2010,365,283,82,0,0,0,0,99,59,36,0,3,138,224,0
"Oregon","Umatilla",2010,365,245,120,0,0,0,0,93,65,40,0,0,144,220,1
"Oregon","Union",2010,365,261,103,1,0,0,0,106,61,33,0,0,0,364,1
"Oregon","Wallowa",2010,362,293,68,0,1,0,0,162,53,26,0,0,0,362,0
"Oregon","Wasco",2010,365,294,70,1,0,0,0,104,57,25,0,0,0,365,0
"Oregon","Washington",2010,365,278,85,2,0,0,0,113,60,33,0,0,122,243,0
"Oregon","Yamhill",2010,363,339,24,0,0,0,0,72,43,21,0,0,0,363,0
"Pennsylvania","Adams",2010,365,142,211,10,2,0,0,166,84,54,0,0,149,216,0
"Pennsylvania","Allegheny",2010,365,50,254,46,15,0,0,200,117,69,0,0,33,332,0
"Pennsylvania","Armstrong",2010,353,113,232,7,1,0,0,156,80,56,0,0,68,285,0
"Pennsylvania","Beaver",2010,365,144,211,9,1,0,0,151,83,54,0,9,111,241,4
"Pennsylvania","Berks",2010,365,190,149,23,3,0,0,154,87,50,0,7,140,218,0
"Pennsylvania","Blair",2010,365,285,71,9,0,0,0,147,71,34,0,0,206,55,104
"Pennsylvania","Bucks",2010,365,159,182,20,4,0,0,190,90,54,2,12,114,237,0
"Pennsylvania","Cambria",2010,365,104,251,10,0,0,0,150,80,58,0,3,43,319,0
"Pennsylvania","Centre",2010,365,187,170,8,0,0,0,133,77,50,0,0,181,184,0
"Pennsylvania","Chester",2010,351,117,211,22,1,0,0,151,93,57,0,0,77,274,0
"Pennsylvania","Clearfield",2010,206,135,56,15,0,0,0,136,93,45,0,0,206,0,0
"Pennsylvania","Cumberland",2010,365,99,259,7,0,0,0,137,83,59,0,0,0,365,0
"Pennsylvania","Dauphin",2010,365,165,188,11,1,0,0,154,84,53,0,17,90,256,2
"Pennsylvania","Delaware",2010,365,132,224,8,1,0,0,151,85,56,0,18,64,280,3
"Pennsylvania","Elk",2010,358,305,51,2,0,0,0,115,61,37,0,0,358,0,0
"Pennsylvania","Erie",2010,365,181,175,9,0,0,0,143,76,51,7,26,90,239,3
"Pennsylvania","Franklin",2010,210,150,58,2,0,0,0,122,77,45,0,0,210,0,0
"Pennsylvania","Greene",2010,213,146,58,9,0,0,0,150,80,45,0,0,213,0,0
"Pennsylvania","Indiana",2010,214,133,67,13,1,0,0,159,87,45,0,0,214,0,0
"Pennsylvania","Lackawanna",2010,365,208,149,8,0,0,0,140,75,46,3,17,107,238,0
"Pennsylvania","Lancaster",2010,365,149,188,26,2,0,0,174,94,54,0,12,123,226,4
"Pennsylvania","Lawrence",2010,365,309,53,2,1,0,0,156,58,33,26,0,188,0,151
"Pennsylvania","Lehigh",2010,363,278,65,18,2,0,0,172,87,31,0,0,211,0,152
"Pennsylvania","Luzerne",2010,363,324,36,3,0,0,0,133,51,29,0,0,214,0,149
"Pennsylvania","Lycoming",2010,229,176,47,6,0,0,0,119,71,40,0,0,208,0,21
"Pennsylvania","Mercer",2010,365,173,180,12,0,0,0,140,77,52,0,0,199,166,0
"Pennsylvania","Monroe",2010,260,150,99,11,0,0,0,136,84,45,0,0,158,102,0
"Pennsylvania","Montgomery",2010,346,165,163,17,1,0,0,159,87,52,0,0,139,207,0
"Pennsylvania","Northampton",2010,365,112,229,22,2,0,0,172,90,58,0,4,75,285,1
"Pennsylvania","Perry",2010,353,304,44,5,0,0,0,133,58,30,0,148,205,0,0
"Pennsylvania","Philadelphia",2010,365,125,212,24,4,0,0,172,96,57,0,16,113,234,2
"Pennsylvania","Somerset",2010,364,300,58,6,0,0,0,126,64,37,0,0,364,0,0
"Pennsylvania","Tioga",2010,214,149,55,10,0,0,0,140,80,44,0,0,214,0,0
"Pennsylvania","Washington",2010,365,98,257,9,1,0,0,154,81,59,0,0,71,294,0
"Pennsylvania","Westmoreland",2010,357,98,249,9,1,0,0,174,80,58,0,0,54,303,0
"Pennsylvania","York",2010,365,139,206,18,2,0,0,156,90,56,0,14,108,242,1
"Puerto Rico","Bayamon",2010,325,324,1,0,0,0,0,77,16,9,325,0,0,0,0
"Puerto Rico","Catano",2010,363,340,23,0,0,0,0,98,41,23,0,0,194,0,169
"Puerto Rico","Fajardo",2010,352,325,27,0,0,0,0,85,40,19,0,0,0,30,322
"Puerto Rico","Guayama",2010,117,105,12,0,0,0,0,86,51,18,0,0,0,12,105
"Puerto Rico","Guaynabo",2010,347,315,32,0,0,0,0,100,48,26,0,0,0,51,296
"Puerto Rico","Juncos",2010,344,344,0,0,0,0,0,40,25,15,0,0,344,0,0
"Puerto Rico","Ponce",2010,122,107,15,0,0,0,0,91,52,26,0,0,0,52,70
"Puerto Rico","San Juan",2010,253,253,0,0,0,0,0,28,20,17,253,0,0,0,0
"Rhode Island","Kent",2010,356,278,72,6,0,0,0,136,64,38,0,0,148,208,0
"Rhode Island","Providence",2010,365,228,129,6,2,0,0,151,69,43,0,10,135,219,1
"Rhode Island","Washington",2010,209,164,38,7,0,0,0,143,77,43,0,0,209,0,0
"South Carolina","Abbeville",2010,316,252,64,0,0,0,0,100,64,41,0,0,316,0,0
"South Carolina","Aiken",2010,296,241,55,0,0,0,0,97,58,39,0,0,296,0,0
"South Carolina","Anderson",2010,337,253,79,5,0,0,0,126,74,41,0,0,337,0,0
"South Carolina","Berkeley",2010,323,300,22,1,0,0,0,108,49,35,0,0,323,0,0
"South Carolina","Charleston",2010,365,157,206,2,0,0,0,112,67,52,0,2,79,284,0
"South Carolina","Cherokee",2010,342,270,68,4,0,0,0,126,71,40,0,0,342,0,0
"South Carolina","Chesterfield",2010,345,225,117,3,0,0,0,126,67,44,0,0,255,90,0
"South Carolina","Colleton",2010,345,311,32,2,0,0,0,108,50,36,0,0,345,0,0
"South Carolina","Darlington",2010,321,259,58,4,0,0,0,112,64,41,0,0,321,0,0
"South Carolina","Edgefield",2010,353,257,96,0,0,0,0,97,62,41,0,0,263,90,0
"South Carolina","Florence",2010,110,45,65,0,0,0,0,91,66,53,0,0,0,110,0
"South Carolina","Georgetown",2010,364,340,24,0,0,0,0,85,46,22,0,0,0,0,364
"South Carolina","Greenville",2010,365,110,248,7,0,0,0,122,78,56,0,4,113,248,0
"South Carolina","Horry",2010,239,204,34,1,0,0,0,101,58,41,0,0,239,0,0
"South Carolina","Lexington",2010,365,131,234,0,0,0,0,90,68,54,0,0,0,349,16
"South Carolina","Oconee",2010,354,276,76,2,0,0,0,119,61,41,0,0,293,61,0
"South Carolina","Pickens",2010,348,269,73,6,0,0,0,129,74,41,0,0,348,0,0
"South Carolina","Richland",2010,365,139,220,6,0,0,0,136,84,54,0,4,138,223,0
"South Carolina","Spartanburg",2010,361,122,221,18,0,0,0,140,90,56,0,0,153,208,0
"South Carolina","York",2010,296,263,33,0,0,0,0,97,51,35,0,0,296,0,0
"South Dakota","Brookings",2010,365,306,59,0,0,0,0,97,60,37,0,0,295,64,6
"South Dakota","Brown",2010,119,80,39,0,0,0,0,92,61,41,0,0,0,116,3
"South Dakota","Codington",2010,364,310,54,0,0,0,0,99,56,23,0,0,0,103,261
"South Dakota","Custer",2010,364,328,34,1,1,0,0,193,50,40,0,0,311,51,2
"South Dakota","Jackson",2010,365,328,37,0,0,0,0,74,51,37,0,0,307,58,0
"South Dakota","Meade",2010,365,353,12,0,0,0,0,67,46,37,0,0,365,0,0
"South Dakota","Minnehaha",2010,365,190,174,1,0,0,0,122,74,49,0,3,115,242,5
"South Dakota","Pennington",2010,365,298,67,0,0,0,0,93,55,33,0,0,0,213,152
"South Dakota","Union",2010,365,207,156,2,0,0,0,127,73,47,0,0,109,248,8
"Tennessee","Anderson",2010,244,168,69,7,0,0,0,126,84,44,0,0,244,0,0
"Tennessee","Blount",2010,365,204,131,30,0,0,0,147,97,48,2,1,339,23,0
"Tennessee","Bradley",2010,282,282,0,0,0,0,0,49,25,16,0,234,0,0,48
"Tennessee","Claiborne",2010,344,294,48,2,0,0,0,112,58,37,0,0,344,0,0
"Tennessee","Davidson",2010,365,94,265,6,0,0,0,133,74,56,0,4,51,310,0
"Tennessee","DeKalb",2010,350,297,48,5,0,0,0,119,61,38,0,0,350,0,0
"Tennessee","Hamilton",2010,301,136,145,19,1,0,0,159,90,52,0,0,197,103,1
"Tennessee","Jefferson",2010,241,153,73,15,0,0,0,140,90,46,0,0,241,0,0
"Tennessee","Knox",2010,322,209,100,13,0,0,0,133,84,44,0,0,215,47,60
"Tennessee","Lawrence",2010,58,23,35,0,0,0,0,75,64,55,0,0,0,58,0
"Tennessee","Loudon",2010,237,157,72,8,0,0,0,133,87,45,0,0,237,0,0
"Tennessee","Madison",2010,58,58,0,0,0,0,0,29,22,15,0,0,0,0,58
"Tennessee","McMinn",2010,353,352,1,0,0,0,0,52,29,18,0,311,0,0,42
"Tennessee","Meigs",2010,245,156,78,11,0,0,0,136,84,46,0,0,245,0,0
"Tennessee","Montgomery",2010,62,21,41,0,0,0,0,96,65,55,0,0,0,60,2
"Tennessee","Roane",2010,354,107,247,0,0,0,0,96,73,57,0,0,0,285,69
"Tennessee","Rutherford",2010,243,164,72,7,0,0,0,122,80,45,0,0,243,0,0
"Tennessee","Sevier",2010,363,183,153,27,0,0,0,147,97,50,0,0,363,0,0
"Tennessee","Shelby",2010,365,89,260,16,0,0,0,136,84,58,3,0,88,272,2
"Tennessee","Sullivan",2010,365,275,84,6,0,0,0,133,80,40,3,123,239,0,0
"Tennessee","Sumner",2010,245,135,92,17,1,0,0,156,97,49,0,0,245,0,0
"Tennessee","Union",2010,361,336,25,0,0,0,0,75,47,23,0,0,0,0,361
"Tennessee","Williamson",2010,240,162,69,9,0,0,0,126,84,45,0,0,240,0,0
"Tennessee","Wilson",2010,238,153,76,9,0,0,0,126,87,46,0,0,238,0,0
"Texas","Bell",2010,362,316,40,6,0,0,0,115,58,37,0,0,362,0,0
"Texas","Bexar",2010,365,167,187,9,2,0,0,154,74,51,0,8,108,249,0
"Texas","Bowie",2010,58,17,41,0,0,0,0,73,71,56,0,0,0,58,0
"Texas","Brazoria",2010,365,304,40,15,6,0,0,172,77,36,0,6,359,0,0
"Texas","Brewster",2010,360,279,81,0,0,0,0,97,61,44,0,0,294,66,0
"Texas","Cameron",2010,361,197,162,2,0,0,0,105,68,48,4,0,92,264,1
"Texas","Collin",2010,365,296,64,4,1,0,0,154,67,38,0,0,365,0,0
"Texas","Culberson",2010,113,108,5,0,0,0,0,72,37,18,0,0,0,113,0
"Texas","Dallas",2010,365,135,215,15,0,0,0,150,74,54,0,20,94,251,0
"Texas","Denton",2010,365,187,166,12,0,0,0,143,74,49,0,3,192,170,0
"Texas","Ector",2010,365,269,96,0,0,0,0,72,56,41,0,0,0,365,0
"Texas","El Paso",2010,365,95,254,13,3,0,0,191,82,58,0,8,106,243,8
"Texas","Ellis",2010,365,193,167,5,0,0,0,115,66,50,0,11,110,244,0
"Texas","Fayette",2010,361,251,110,0,0,0,0,78,58,40,0,0,0,361,0
"Texas","Galveston",2010,364,232,118,13,1,0,0,164,62,45,0,5,149,209,1
"Texas","Gregg",2010,364,294,60,10,0,0,0,133,71,37,0,3,361,0,0
"Texas","Harris",2010,365,57,270,27,11,0,0,179,101,60,0,16,86,263,0
"Texas","Harrison",2010,365,161,195,9,0,0,0,126,71,52,0,0,129,236,0
"Texas","Hays",2010,165,135,26,4,0,0,0,133,71,34,0,0,165,0,0
"Texas","Hidalgo",2010,362,186,176,0,0,0,0,91,69,50,0,0,75,287,0
"Texas","Hood",2010,364,327,30,7,0,0,0,133,51,35,0,0,364,0,0
"Texas","Hunt",2010,362,322,39,1,0,0,0,126,51,36,0,1,361,0,0
"Texas","Jeff Davis",2010,253,239,14,0,0,0,0,59,41,21,0,0,0,253,0
"Texas","Jefferson",2010,365,132,210,21,2,0,0,164,90,54,0,0,142,223,0
"Texas","Johnson",2010,355,310,38,7,0,0,0,140,58,36,0,0,355,0,0
"Texas","Kaufman",2010,365,202,163,0,0,0,0,93,64,49,0,4,124,237,0
"Texas","Kleberg",2010,307,171,136,0,0,0,0,92,64,47,0,0,0,307,0
"Texas","Lubbock",2010,365,303,62,0,0,0,0,75,53,35,0,0,0,365,0
"Texas","Maverick",2010,313,221,92,0,0,0,0,82,60,39,0,0,0,313,0
"Texas","McLennan",2010,365,252,111,2,0,0,0,115,61,44,0,0,170,195,0
"Texas","Montgomery",2010,360,153,201,6,0,0,0,143,71,53,0,2,107,251,0
"Texas","Navarro",2010,364,196,167,1,0,0,0,105,67,49,0,0,138,226,0
"Texas","Nueces",2010,361,208,145,8,0,0,0,126,69,47,0,0,149,212,0
"Texas","Orange",2010,365,162,189,14,0,0,0,136,74,52,0,0,130,235,0
"Texas","Parker",2010,364,324,38,1,1,0,0,164,51,38,0,2,362,0,0
"Texas","Polk",2010,317,265,47,5,0,0,0,150,64,39,0,0,317,0,0
"Texas","Potter",2010,360,321,39,0,0,0,0,65,51,31,0,0,0,360,0
"Texas","Randall",2010,350,321,29,0,0,0,0,84,50,40,0,0,350,0,0
"Texas","Rockwall",2010,363,305,53,5,0,0,0,150,64,37,0,0,363,0,0
"Texas","Smith",2010,365,297,62,6,0,0,0,115,67,38,0,3,362,0,0
"Texas","Tarrant",2010,365,135,212,13,5,0,0,172,80,53,0,16,113,236,0
"Texas","Travis",2010,365,220,137,8,0,0,0,122,68,46,0,0,139,226,0
"Texas","Victoria",2010,351,320,29,2,0,0,0,112,49,32,0,0,351,0,0
"Texas","Webb",2010,365,200,165,0,0,0,0,100,67,48,0,0,89,266,10
"Texas","Wichita",2010,309,253,56,0,0,0,0,65,53,34,0,0,0,309,0
"Utah","Box Elder",2010,364,221,132,11,0,0,0,142,77,47,0,0,214,150,0
"Utah","Cache",2010,365,119,226,14,6,0,0,164,87,55,0,1,104,260,0
"Utah","Daggett",2010,132,100,32,0,0,0,0,90,67,47,0,0,132,0,0
"Utah","Davis",2010,365,287,68,9,1,0,0,152,71,40,0,168,144,52,1
"Utah","Garfield",2010,116,115,1,0,0,0,0,52,19,11,0,0,0,116,0
"Utah","Salt Lake",2010,365,166,176,15,7,0,1,501,90,52,0,3,173,168,21
"Utah","San Juan",2010,354,244,108,2,0,0,0,119,67,47,0,0,350,4,0
"Utah","Tooele",2010,365,174,181,8,2,0,0,162,76,51,0,0,127,238,0
"Utah","Uintah",2010,365,156,162,16,18,13,0,219,126,54,0,0,331,34,0
"Utah","Utah",2010,365,147,204,12,1,1,0,300,84,54,0,21,163,177,4
"Utah","Washington",2010,365,210,147,8,0,0,0,108,80,48,0,0,354,11,0
"Utah","Wayne",2010,112,112,0,0,0,0,0,33,21,12,0,0,0,112,0
"Utah","Weber",2010,365,134,207,22,2,0,0,165,87,54,0,13,139,207,6
"Vermont","Bennington",2010,364,283,79,2,0,0,0,101,62,38,0,0,256,108,0
"Vermont","Chittenden",2010,365,259,104,1,1,0,0,162,64,41,0,7,155,203,0
"Vermont","Rutland",2010,365,233,131,1,0,0,0,109,67,38,1,51,0,313,0
"Virgin Islands","St Croix",2010,58,25,33,0,0,0,0,84,67,53,0,0,0,15,43
"Virgin Islands","St John",2010,120,93,26,1,0,0,0,108,62,27,0,0,0,120,0
"Virginia","Albemarle",2010,261,151,106,4,0,0,0,129,74,48,0,0,174,87,0
"Virginia","Alexandria City",2010,365,243,108,13,1,0,0,166,77,43,16,120,151,78,0
"Virginia","Arlington",2010,365,241,97,23,4,0,0,166,90,43,4,125,173,63,0
"Virginia","Bristol City",2010,118,41,77,0,0,0,0,74,65,54,0,0,0,118,0
"Virginia","Caroline",2010,213,131,76,6,0,0,0,143,77,46,0,0,213,0,0
"Virginia","Carroll",2010,56,56,0,0,0,0,0,31,20,13,0,0,0,0,56
"Virginia","Charles",2010,365,246,111,8,0,0,0,147,67,41,0,105,175,85,0
"Virginia","Chesterfield",2010,258,149,102,4,3,0,0,182,79,48,0,0,171,87,0
"Virginia","Culpeper",2010,60,60,0,0,0,0,0,43,24,14,0,0,0,0,60
"Virginia","Fairfax",2010,365,172,170,17,6,0,0,174,87,52,0,0,173,192,0
"Virginia","Fauquier",2010,210,165,43,2,0,0,0,105,67,43,0,0,210,0,0
"Virginia","Frederick",2010,261,155,102,3,1,0,0,159,71,46,0,0,167,94,0
"Virginia","Fredericksburg City",2010,58,58,0,0,0,0,0,42,28,15,0,0,0,0,58
"Virginia","Giles",2010,348,253,89,6,0,0,0,119,77,43,0,0,348,0,0
"Virginia","Hampton City",2010,274,176,88,7,3,0,0,179,84,45,2,41,191,39,1
"Virginia","Hanover",2010,213,115,84,13,1,0,0,154,97,49,0,0,213,0,0
"Virginia","Henrico",2010,365,156,197,12,0,0,0,147,80,52,0,17,123,225,0
"Virginia","Hopewell City",2010,55,55,0,0,0,0,0,39,23,14,0,0,0,0,55
"Virginia","King William",2010,57,57,0,0,0,0,0,42,27,13,0,0,0,0,57
"Virginia","Loudoun",2010,363,245,107,10,1,0,0,166,74,42,0,105,183,75,0
"Virginia","Lynchburg City",2010,117,62,55,0,0,0,0,86,64,48,0,0,0,117,0
"Virginia","Madison",2010,318,211,99,8,0,0,0,140,77,44,0,0,281,37,0
"Virginia","Newport News City",2010,161,139,22,0,0,0,0,72,52,23,48,69,0,44,0
"Virginia","Norfolk City",2010,122,60,62,0,0,0,0,97,65,52,0,0,0,122,0
"Virginia","Page",2010,265,152,111,2,0,0,0,115,71,48,0,0,176,89,0
"Virginia","Prince Edward",2010,347,291,53,3,0,0,0,133,61,39,0,0,347,0,0
"Virginia","Prince William",2010,365,293,68,3,1,0,0,169,67,31,0,152,213,0,0
"Virginia","Richmond City",2010,365,351,14,0,0,0,0,81,42,22,15,350,0,0,0
"Virginia","Roanoke",2010,358,283,69,6,0,0,0,119,71,37,0,146,212,0,0
"Virginia","Roanoke City",2010,365,173,192,0,0,0,0,95,64,52,11,0,0,351,3
"Virginia","Rockbridge",2010,262,171,88,3,0,0,0,115,64,45,0,0,170,92,0
"Virginia","Rockingham",2010,362,241,119,2,0,0,0,129,67,43,0,108,169,85,0
"Virginia","Salem City",2010,119,52,67,0,0,0,0,80,64,52,0,0,0,119,0
"Virginia","Stafford",2010,214,137,69,6,2,0,0,156,80,46,0,0,214,0,0
"Virginia","Suffolk City",2010,214,129,75,8,2,0,0,161,87,47,0,0,214,0,0
"Virginia","Virginia Beach City",2010,365,191,173,1,0,0,0,108,65,48,13,0,0,352,0
"Virginia","Warren",2010,59,59,0,0,0,0,0,39,23,15,0,0,0,0,59
"Virginia","Winchester City",2010,60,60,0,0,0,0,0,40,22,14,0,0,0,0,60
"Virginia","Wythe",2010,214,162,50,2,0,0,0,105,67,44,0,0,214,0,0
"Washington","Adams",2010,336,317,19,0,0,0,0,79,42,23,0,0,0,336,0
"Washington","Asotin",2010,359,277,82,0,0,0,0,88,58,34,0,0,0,359,0
"Washington","Benton",2010,365,314,51,0,0,0,0,78,54,27,0,0,0,354,11
"Washington","Chelan",2010,365,251,112,2,0,0,0,121,67,29,0,0,0,365,0
"Washington","Clallam",2010,365,316,49,0,0,0,0,67,52,38,0,0,236,129,0
"Washington","Clark",2010,365,303,62,0,0,0,0,90,57,31,0,0,92,273,0
"Washington","Columbia",2010,365,336,29,0,0,0,0,67,48,24,0,0,0,365,0
"Washington","Cowlitz",2010,364,338,26,0,0,0,0,68,46,21,0,0,0,364,0
"Washington","Franklin",2010,365,330,35,0,0,0,0,76,49,27,0,0,0,365,0
"Washington","Grant",2010,361,317,44,0,0,0,0,82,53,27,0,0,0,361,0
"Washington","Grays Harbor",2010,365,355,10,0,0,0,0,76,38,22,0,0,0,365,0
"Washington","Jefferson",2010,355,329,26,0,0,0,0,66,44,24,0,0,0,355,0
"Washington","King",2010,365,221,141,3,0,0,0,122,61,45,0,0,52,313,0
"Washington","Kitsap",2010,352,279,73,0,0,0,0,90,59,24,0,0,0,352,0
"Washington","Kittitas",2010,365,270,95,0,0,0,0,99,65,26,0,0,0,365,0
"Washington","Klickitat",2010,122,111,11,0,0,0,0,66,48,22,0,0,0,122,0
"Washington","Lewis",2010,365,336,29,0,0,0,0,64,46,25,0,0,0,365,0
"Washington","Mason",2010,365,316,49,0,0,0,0,76,54,28,0,0,0,365,0
"Washington","Okanogan",2010,365,223,142,0,0,0,0,94,68,38,0,0,0,365,0
"Washington","Pend Oreille",2010,355,341,14,0,0,0,0,69,38,18,0,0,0,355,0
"Washington","Pierce",2010,365,246,119,0,0,0,0,97,64,43,0,0,142,223,0
"Washington","Skagit",2010,365,336,21,3,3,2,0,205,47,31,0,10,189,166,0
"Washington","Snohomish",2010,363,266,97,0,0,0,0,87,62,36,0,0,0,363,0
"Washington","Spokane",2010,365,236,128,1,0,0,0,103,61,43,0,0,86,279,0
"Washington","Stevens",2010,365,223,142,0,0,0,0,89,70,41,0,0,0,350,15
"Washington","Thurston",2010,355,330,25,0,0,0,0,83,46,27,0,0,140,215,0
"Washington","Walla Walla",2010,365,284,81,0,0,0,0,79,57,29,0,0,0,334,31
"Washington","Whatcom",2010,355,311,44,0,0,0,0,75,52,32,0,0,89,266,0
"Washington","Whitman",2010,365,335,30,0,0,0,0,67,47,24,0,0,0,365,0
"Washington","Yakima",2010,365,244,117,4,0,0,0,140,72,34,0,0,0,365,0
"West Virginia","Berkeley",2010,258,128,117,12,1,0,0,159,82,51,0,0,172,86,0
"West Virginia","Brooke",2010,365,261,102,2,0,0,0,107,67,21,16,0,0,122,227
"West Virginia","Cabell",2010,264,139,122,3,0,0,0,119,74,49,0,0,159,105,0
"West Virginia","Gilmer",2010,345,329,16,0,0,0,0,84,47,32,0,0,345,0,0
"West Virginia","Greenbrier",2010,211,155,53,3,0,0,0,108,71,44,0,0,211,0,0
"West Virginia","Hancock",2010,365,233,122,10,0,0,0,143,77,43,3,0,174,90,98
"West Virginia","Harrison",2010,111,39,71,1,0,0,0,117,67,56,0,0,0,111,0
"West Virginia","Kanawha",2010,365,219,143,2,1,0,0,154,74,44,0,0,147,113,105
"West Virginia","Marion",2010,101,31,70,0,0,0,0,99,72,58,0,0,0,101,0
"West Virginia","Marshall",2010,350,97,250,3,0,0,0,112,76,58,0,0,0,350,0
"West Virginia","Monongalia",2010,259,143,109,7,0,0,0,143,77,49,0,0,171,88,0
"West Virginia","Ohio",2010,258,115,136,7,0,0,0,140,87,53,0,0,164,94,0
"West Virginia","Raleigh",2010,120,56,64,0,0,0,0,88,63,52,0,0,0,120,0
"West Virginia","Tucker",2010,356,281,72,3,0,0,0,136,61,39,0,0,299,57,0
"West Virginia","Wood",2010,261,129,125,7,0,0,0,126,80,51,0,0,169,92,0
"Wisconsin","Ashland",2010,363,337,26,0,0,0,0,71,46,34,0,0,347,16,0
"Wisconsin","Brown",2010,356,202,147,7,0,0,0,127,74,46,0,0,91,265,0
"Wisconsin","Chippewa",2010,10,10,0,0,0,0,0,21,21,8,0,0,0,0,10
"Wisconsin","Columbia",2010,188,167,21,0,0,0,0,93,51,40,0,0,188,0,0
"Wisconsin","Dane",2010,354,117,233,4,0,0,0,125,75,55,0,0,29,324,1
"Wisconsin","Dodge",2010,351,207,141,3,0,0,0,125,68,46,0,0,158,193,0
"Wisconsin","Door",2010,189,161,21,5,2,0,0,172,67,37,0,0,189,0,0
"Wisconsin","Eau Claire",2010,42,26,16,0,0,0,0,94,74,40,0,0,0,42,0
"Wisconsin","Florence",2010,177,163,14,0,0,0,0,93,50,34,0,0,177,0,0
"Wisconsin","Fond du Lac",2010,207,190,16,1,0,0,0,101,49,39,0,0,207,0,0
"Wisconsin","Forest",2010,362,328,34,0,0,0,0,93,50,36,0,1,342,19,0
"Wisconsin","Grant",2010,120,67,52,1,0,0,0,124,70,49,0,0,0,120,0
"Wisconsin","Jefferson",2010,194,168,25,1,0,0,0,108,58,41,0,0,194,0,0
"Wisconsin","Kenosha",2010,309,181,115,11,2,0,0,159,84,47,0,0,171,138,0
"Wisconsin","Kewaunee",2010,200,169,25,5,1,0,0,159,61,39,0,0,200,0,0
"Wisconsin","La Crosse",2010,310,216,93,1,0,0,0,110,64,42,0,0,155,155,0
"Wisconsin","Manitowoc",2010,241,189,45,5,2,0,0,174,71,38,0,2,182,57,0
"Wisconsin","Marathon",2010,208,195,13,0,0,0,0,80,49,38,0,0,208,0,0
"Wisconsin","Milwaukee",2010,365,225,126,13,1,0,0,166,77,44,0,33,195,137,0
"Wisconsin","Oneida",2010,199,180,19,0,0,0,0,93,50,36,0,0,199,0,0
"Wisconsin","Outagamie",2010,261,208,49,4,0,0,0,108,61,40,0,0,175,86,0
"Wisconsin","Ozaukee",2010,253,183,64,5,1,0,0,161,71,42,0,0,180,73,0
"Wisconsin","Racine",2010,192,144,42,6,0,0,0,147,84,42,0,0,192,0,0
"Wisconsin","Rock",2010,214,183,30,1,0,0,0,101,61,41,0,0,214,0,0
"Wisconsin","Sauk",2010,270,213,56,1,0,0,0,111,58,40,0,0,193,77,0
"Wisconsin","Sheboygan",2010,189,146,31,9,3,0,0,166,87,41,0,0,189,0,0
"Wisconsin","St. Croix",2010,264,202,60,2,0,0,0,124,58,42,0,0,187,77,0
"Wisconsin","Taylor",2010,345,306,38,1,0,0,0,103,52,36,0,0,310,35,0
"Wisconsin","Vernon",2010,216,194,22,0,0,0,0,93,51,39,0,0,216,0,0
"Wisconsin","Vilas",2010,230,205,25,0,0,0,0,97,51,37,0,0,195,35,0
"Wisconsin","Walworth",2010,196,165,31,0,0,0,0,100,64,41,0,0,196,0,0
"Wisconsin","Washington",2010,193,175,18,0,0,0,0,97,50,39,0,0,193,0,0
"Wisconsin","Waukesha",2010,252,173,76,3,0,0,0,119,65,41,0,0,141,111,0
"Wyoming","Albany",2010,365,225,137,3,0,0,0,116,71,48,0,0,308,9,48
"Wyoming","Big Horn",2010,292,286,6,0,0,0,0,67,46,38,0,0,292,0,0
"Wyoming","Campbell",2010,365,227,137,1,0,0,0,124,69,46,0,2,205,44,114
"Wyoming","Carbon",2010,349,264,84,1,0,0,0,112,64,45,0,20,326,0,3
"Wyoming","Converse",2010,363,337,26,0,0,0,0,99,47,23,0,38,0,49,276
"Wyoming","Crook",2010,152,133,18,1,0,0,0,101,51,43,0,0,152,0,0
"Wyoming","Fremont",2010,365,228,136,1,0,0,0,112,71,48,0,0,323,39,3
"Wyoming","Johnson",2010,107,107,0,0,0,0,0,39,22,8,0,0,0,107,0
"Wyoming","Laramie",2010,121,119,2,0,0,0,0,54,38,23,0,0,0,107,14
"Wyoming","Lincoln",2010,362,341,21,0,0,0,0,88,41,17,0,0,0,0,362
"Wyoming","Natrona",2010,121,111,10,0,0,0,0,60,43,22,0,0,0,101,20
"Wyoming","Park",2010,121,113,8,0,0,0,0,58,41,21,0,0,0,114,7
"Wyoming","Platte",2010,61,59,2,0,0,0,0,59,28,12,0,0,0,0,61
"Wyoming","Sheridan",2010,365,320,45,0,0,0,0,95,54,22,0,0,0,120,245
"Wyoming","Sublette",2010,365,233,130,2,0,0,0,112,67,48,0,2,336,27,0
"Wyoming","Sweetwater",2010,365,245,117,3,0,0,0,112,66,45,0,5,302,20,38
"Wyoming","Teton",2010,365,279,86,0,0,0,0,90,61,44,4,0,348,12,1
"Wyoming","Uinta",2010,364,286,76,2,0,0,0,135,61,44,0,3,350,0,11
